"gene","selected_n","selection_frequency"
"AAK1",20,1
"ANAPC16",20,1
"ANP32E",20,1
"ANXA2R",20,1
"ANXA6",20,1
"ARL6IP5",20,1
"ARPC2",20,1
"ARPC3",20,1
"ARPC4",20,1
"ATF7IP2",20,1
"ATM",20,1
"B2M",20,1
"BCL11B",20,1
"BST2",20,1
"BUD31",20,1
"CALM1",20,1
"CARD16",20,1
"CD3D",20,1
"CD44",20,1
"CD53",20,1
"CD69",20,1
"CD8A",20,1
"CD99-ENSG00000002586",20,1
"CFL1",20,1
"CHCHD2",20,1
"CIAO2B",20,1
"CIB1",20,1
"CIRBP",20,1
"CLIC1",20,1
"COX4I1",20,1
"COX5A",20,1
"COX8A",20,1
"CSDE1",20,1
"CYCS",20,1
"DBI",20,1
"DCTN3",20,1
"DRAP1",20,1
"DYNLL1",20,1
"DYNLRB1",20,1
"EEF1A1",20,1
"EIF2S3",20,1
"EIF3E",20,1
"EIF3L",20,1
"EIF3M",20,1
"EIF4B",20,1
"EMP3",20,1
"FBL",20,1
"FLNA",20,1
"FOXP1",20,1
"GAPDH",20,1
"GNG5",20,1
"GZMB",20,1
"GZMH",20,1
"HLA-A",20,1
"HLA-DPA1",20,1
"HLA-DPB1",20,1
"HLA-DRB1",20,1
"HNRNPA1",20,1
"HSD17B11",20,1
"HSP90AA1",20,1
"IFI27L2",20,1
"IFI6",20,1
"IFITM2",20,1
"IL32",20,1
"IL7R",20,1
"IRF1-AS1",20,1
"ISG15",20,1
"KLF6",20,1
"KLRB1",20,1
"LAMTOR2",20,1
"LDHA",20,1
"LGALS1",20,1
"LST1",20,1
"LY6E",20,1
"MAP1LC3B",20,1
"MIEN1",20,1
"MIF",20,1
"MSN",20,1
"MT-ATP6",20,1
"MT-CO2",20,1
"MT-CO3",20,1
"MT-CYB",20,1
"MT-ND3",20,1
"MT-ND4",20,1
"MT-ND4L",20,1
"MT-ND5",20,1
"MYL12B",20,1
"MYL6",20,1
"NKG7",20,1
"NPM1",20,1
"NSD3",20,1
"PABPC1",20,1
"PCBP2",20,1
"PCNP",20,1
"PDCD4",20,1
"PFDN5",20,1
"PHPT1",20,1
"PLAAT4",20,1
"POLR2G",20,1
"POMP",20,1
"PPP1CA",20,1
"PSMA3-AS1",20,1
"PSMA7",20,1
"PSMB8",20,1
"PSMB9",20,1
"PSMD8",20,1
"PSME1",20,1
"PSME2",20,1
"PTPRCAP",20,1
"RBMX",20,1
"REEP5",20,1
"RHOA",20,1
"RHOG",20,1
"RSL1D1",20,1
"S100A10",20,1
"S100A6",20,1
"SAT1",20,1
"SEC62",20,1
"SEM1",20,1
"SET",20,1
"SF3B5",20,1
"SH3BGRL",20,1
"SH3BGRL3",20,1
"SMIM27",20,1
"SNHG25",20,1
"SNRPF",20,1
"SORL1",20,1
"SP100",20,1
"SP110",20,1
"SRSF6",20,1
"ST13",20,1
"SUB1",20,1
"SVIP",20,1
"TC2N",20,1
"TCF7",20,1
"TLE4",20,1
"TMEM50A",20,1
"TMSB10",20,1
"TMSB4X",20,1
"TNRC6B",20,1
"TOMM7",20,1
"TRAPPC1",20,1
"TTC19",20,1
"TTC3",20,1
"TXN",20,1
"TYROBP",20,1
"UBB",20,1
"UBC",20,1
"UFM1",20,1
"UXT",20,1
"VIM",20,1
"YWHAB",20,1
"ZFP36",20,1
"ATP6V0E1",19,0.95
"BAX",19,0.95
"BAZ1A",19,0.95
"BLOC1S1",19,0.95
"C12orf75",19,0.95
"CD2",19,0.95
"COX5B",19,0.95
"CSNK2B",19,0.95
"CST7",19,0.95
"CYBA",19,0.95
"EEF2",19,0.95
"FAM107B",19,0.95
"GSTK1",19,0.95
"GZMM",19,0.95
"H2AZ2",19,0.95
"HADHA",19,0.95
"HNRNPDL",19,0.95
"HNRNPM",19,0.95
"IFI16",19,0.95
"IL2RG",19,0.95
"LAMTOR5",19,0.95
"LMAN2",19,0.95
"MORF4L1",19,0.95
"NDFIP1",19,0.95
"NDUFA6",19,0.95
"NDUFS6",19,0.95
"NONO",19,0.95
"NOP10",19,0.95
"PIK3IP1",19,0.95
"PTMA",19,0.95
"PTP4A2",19,0.95
"RNF7",19,0.95
"SNHG9",19,0.95
"TAGLN2",19,0.95
"ZC3HAV1",19,0.95
"ARGLU1",18,0.9
"ASH1L",18,0.9
"ATP6V1F",18,0.9
"CALR",18,0.9
"CCNI",18,0.9
"CHD2",18,0.9
"COX7C",18,0.9
"EEF1B2",18,0.9
"EIF1AX",18,0.9
"HLA-C",18,0.9
"HNRNPH1",18,0.9
"ITGB1",18,0.9
"MDM4",18,0.9
"METAP2",18,0.9
"MT-ND2",18,0.9
"NDUFA12",18,0.9
"NOSIP",18,0.9
"OCIAD1",18,0.9
"PAPOLA",18,0.9
"PPIA",18,0.9
"PPP1R2",18,0.9
"RABAC1",18,0.9
"RAC2",18,0.9
"RNF181",18,0.9
"RSL24D1",18,0.9
"S100A4",18,0.9
"SBDS",18,0.9
"SCP2",18,0.9
"SON",18,0.9
"YWHAQ",18,0.9
"AP2M1",17,0.85
"ATP6V1G1",17,0.85
"BNIP2",17,0.85
"BRWD1",17,0.85
"CORO1A",17,0.85
"CYTH1",17,0.85
"GSTP1",17,0.85
"HLA-F",17,0.85
"NAP1L1",17,0.85
"NEDD8",17,0.85
"PDIA3",17,0.85
"RPA3",17,0.85
"SRGN",17,0.85
"THUMPD3-AS1",17,0.85
"ALOX5AP",16,0.8
"ATP5MC3",16,0.8
"C11orf58",16,0.8
"CHURC1",16,0.8
"ENO1",16,0.8
"GUK1",16,0.8
"HCST",16,0.8
"IDS",16,0.8
"IFITM1",16,0.8
"MORF4L2",16,0.8
"NDUFA2",16,0.8
"NDUFB1",16,0.8
"RAB5IF",16,0.8
"RAC1",16,0.8
"RNF213",16,0.8
"SAMD3",16,0.8
"SNHG8",16,0.8
"SNRPB",16,0.8
"TMED9",16,0.8
"TMEM160",16,0.8
"TRA2A",16,0.8
"VAMP8",16,0.8
"ZNHIT1",16,0.8
"ANXA2",15,0.75
"BIRC2",15,0.75
"EIF3D",15,0.75
"ENY2",15,0.75
"ITGB2",15,0.75
"MT-CO1",15,0.75
"MYL12A",15,0.75
"PFN1",15,0.75
"PPP4C",15,0.75
"S100A11",15,0.75
"SUPT4H1",15,0.75
"TMBIM6",15,0.75
"UBA52",15,0.75
"CD63",14,0.7
"CNOT7",14,0.7
"COTL1",14,0.7
"COX6A1",14,0.7
"CWF19L2",14,0.7
"LTB",14,0.7
"MATR3-ENSG00000015479",14,0.7
"NCL",14,0.7
"PSMB6",14,0.7
"TRAM1",14,0.7
"TRIR",14,0.7
"ACTB",13,0.65
"ACTG1",13,0.65
"CD3G",13,0.65
"CLDND1",13,0.65
"EIF3H",13,0.65
"GPX4",13,0.65
"GZMA",13,0.65
"HNRNPD",13,0.65
"HNRNPU",13,0.65
"LSM5",13,0.65
"MGAT4A",13,0.65
"PNISR",13,0.65
"PPP1R15A",13,0.65
"PRDX1",13,0.65
"PRF1",13,0.65
"PTGES3",13,0.65
"SLC38A1",13,0.65
"TBCB",13,0.65
"TSC22D3",13,0.65
"BRK1",12,0.6
"CAPZB",12,0.6
"CD52",12,0.6
"CLEC2B",12,0.6
"COMMD6",12,0.6
"COX14",12,0.6
"EMC4",12,0.6
"ETS1",12,0.6
"ISG20",12,0.6
"MPC2",12,0.6
"OAZ1",12,0.6
"POLR2F",12,0.6
"RBM3",12,0.6
"RIPOR2",12,0.6
"SNHG32",12,0.6
"SRP19",12,0.6
"TGOLN2",12,0.6
"TNFAIP8",12,0.6
"TUBA1B",12,0.6
"CD96",11,0.55
"COX7B",11,0.55
"CYTIP",11,0.55
"GADD45B",11,0.55
"GNAS",11,0.55
"ITM2A",11,0.55
"JUN",11,0.55
"PARK7",11,0.55
"RASGRP2",11,0.55
"RNF145",11,0.55
"TAF7",11,0.55
"UBE2L3",11,0.55
"ANXA1",10,0.5
"ATP5F1A",10,0.5
"CLK1",10,0.5
"EZR",10,0.5
"HLA-DRA",10,0.5
"PPIB",10,0.5
"PRDX5",10,0.5
"TES",10,0.5
"UQCR10",10,0.5
"ANAPC11",9,0.45
"ANKRD49",9,0.45
"CBX3",9,0.45
"CDC42SE1",9,0.45
"CDC42SE2",9,0.45
"CMPK1",9,0.45
"DNAJA1",9,0.45
"EEF1D",9,0.45
"ESD",9,0.45
"HSP90AB1",9,0.45
"MT2A",9,0.45
"OSTC",9,0.45
"SARAF",9,0.45
"SERP1",9,0.45
"TAPBP",9,0.45
"UQCRB",9,0.45
"YPEL3",9,0.45
"ARHGAP15",8,0.4
"ATP5F1B",8,0.4
"BSG",8,0.4
"BTF3",8,0.4
"BTG2",8,0.4
"CAST",8,0.4
"COPE",8,0.4
"CST3",8,0.4
"CXCR4",8,0.4
"DNAJC19",8,0.4
"EVI2A",8,0.4
"HMGN2",8,0.4
"HSPB1",8,0.4
"LSP1",8,0.4
"LYZ",8,0.4
"MTPN",8,0.4
"PRKCQ-AS1",8,0.4
"RBX1",8,0.4
"SLC25A6-ENSG00000169100",8,0.4
"SMAP2",8,0.4
"TMEM123",8,0.4
"TMEM243",8,0.4
"TOMM5",8,0.4
"C4orf48",7,0.35
"CALM3",7,0.35
"CNBP",7,0.35
"CRIP1",7,0.35
"ERP29",7,0.35
"GPBP1",7,0.35
"HIGD2A",7,0.35
"IFT25",7,0.35
"IQGAP1",7,0.35
"KRTCAP2",7,0.35
"MAX",7,0.35
"MCUB",7,0.35
"OGA",7,0.35
"PIP4K2A",7,0.35
"PPP1R12A",7,0.35
"RICTOR",7,0.35
"SELENOK",7,0.35
"TPT1",7,0.35
"TRAPPC6A",7,0.35
"ZFAS1",7,0.35
"ALDOA",6,0.3
"ARHGDIA",6,0.3
"ELOC",6,0.3
"GNG2",6,0.3
"KRT10",6,0.3
"LSM3",6,0.3
"MDH2",6,0.3
"NUCKS1",6,0.3
"PAXX",6,0.3
"PPP2R5C",6,0.3
"RACK1",6,0.3
"RALY",6,0.3
"REX1BD",6,0.3
"SEC61B",6,0.3
"TMEM256",6,0.3
"TPI1",6,0.3
"YTHDC1",6,0.3
"ARID4B",5,0.25
"ATP6V0B",5,0.25
"DDX3X",5,0.25
"EIF6",5,0.25
"FAM133B",5,0.25
"LSM8",5,0.25
"PFDN2",5,0.25
"PKM",5,0.25
"SCAND1",5,0.25
"SFPQ",5,0.25
"SYF2",5,0.25
"TNFAIP3",5,0.25
"TOMM22",5,0.25
"UFC1",5,0.25
"VAMP5",5,0.25
"WAS",5,0.25
"ZFP36L1",5,0.25
"ARL5A",4,0.2
"ATP5F1C",4,0.2
"C1QBP",4,0.2
"DDX17",4,0.2
"EIF3F",4,0.2
"GTF3C6",4,0.2
"H2AZ1",4,0.2
"HMGN3",4,0.2
"KRAS",4,0.2
"LDHB",4,0.2
"MT-ND1",4,0.2
"N4BP2L2",4,0.2
"NDUFB2",4,0.2
"NDUFS7",4,0.2
"PA2G4",4,0.2
"PPA1",4,0.2
"PPDPF",4,0.2
"PSMB1",4,0.2
"RBBP4",4,0.2
"RGS10",4,0.2
"SRP14",4,0.2
"SRSF7",4,0.2
"TMEM59",4,0.2
"TOMM20",4,0.2
"ACTR2",3,0.15
"ARHGEF1",3,0.15
"ARL6IP4",3,0.15
"ATP5IF1",3,0.15
"AURKAIP1",3,0.15
"CELF2",3,0.15
"COX17",3,0.15
"CREBRF",3,0.15
"CSTB",3,0.15
"DDIT4",3,0.15
"DYNLT1",3,0.15
"EPB41L4A-AS1",3,0.15
"ERGIC3",3,0.15
"FNBP1",3,0.15
"HSPA5",3,0.15
"JUND",3,0.15
"NAA38",3,0.15
"NACA",3,0.15
"NOP53",3,0.15
"PGK1",3,0.15
"PSIP1",3,0.15
"PSMD7",3,0.15
"PTRHD1",3,0.15
"RAB18",3,0.15
"RAN",3,0.15
"SELENOF",3,0.15
"SMARCE1",3,0.15
"SNRPC",3,0.15
"SNRPD2",3,0.15
"SUCLG2",3,0.15
"TMA7",3,0.15
"TRMT112",3,0.15
"TUBA1A",3,0.15
"TUBB",3,0.15
"U2SURP",3,0.15
"UBL5",3,0.15
"ZFP36L2",3,0.15
"ANP32B",2,0.1
"ATP5ME",2,0.1
"ATP5MF",2,0.1
"BTG1",2,0.1
"CAPZA2",2,0.1
"CSNK1A1",2,0.1
"CTSW",2,0.1
"DUSP2",2,0.1
"EMC6",2,0.1
"EVI2B",2,0.1
"FAU",2,0.1
"FUS",2,0.1
"HERPUD1",2,0.1
"HINT1",2,0.1
"IKZF1",2,0.1
"KHDRBS1",2,0.1
"KLF3",2,0.1
"MCL1",2,0.1
"NAP1L4",2,0.1
"NDUFB10",2,0.1
"NDUFB3",2,0.1
"NDUFC2",2,0.1
"PAIP2",2,0.1
"POLR2K",2,0.1
"POLR3GL",2,0.1
"PRKACB",2,0.1
"PSMA4",2,0.1
"PSMC5",2,0.1
"RAD21",2,0.1
"RPF1",2,0.1
"SDHC",2,0.1
"SELENOS",2,0.1
"SELL",2,0.1
"SEPTIN6",2,0.1
"SF1",2,0.1
"SF3B2",2,0.1
"SMIM26",2,0.1
"TRA2B",2,0.1
"UQCRFS1",2,0.1
"WTAP",2,0.1
"ZBTB8OS",2,0.1
"AHNAK",1,0.05
"ALKBH7",1,0.05
"ANAPC5",1,0.05
"ARPC1B",1,0.05
"ARPP19",1,0.05
"ATP5MK",1,0.05
"ATP5PD",1,0.05
"ATP5PF",1,0.05
"BCAP31",1,0.05
"CACYBP",1,0.05
"CASP4",1,0.05
"CCDC107",1,0.05
"CD247",1,0.05
"CD48",1,0.05
"CD7",1,0.05
"CD74",1,0.05
"CDC26",1,0.05
"CDC37",1,0.05
"COPS6",1,0.05
"COX6B1",1,0.05
"CWC15",1,0.05
"DDX24",1,0.05
"DDX5",1,0.05
"DPM3",1,0.05
"EAPP",1,0.05
"ECH1",1,0.05
"EIF3J",1,0.05
"EPC1",1,0.05
"FAM177A1",1,0.05
"FOS",1,0.05
"GHITM",1,0.05
"HNRNPH3",1,0.05
"HP1BP3",1,0.05
"LINC00861",1,0.05
"LRPAP1",1,0.05
"LSM14A",1,0.05
"LSM7",1,0.05
"LUC7L3",1,0.05
"MBNL1",1,0.05
"MED4",1,0.05
"MGST3",1,0.05
"MZT2B",1,0.05
"NDUFA1",1,0.05
"NDUFB4",1,0.05
"OST4",1,0.05
"PAK2",1,0.05
"PCSK7",1,0.05
"PIN1",1,0.05
"PIN4",1,0.05
"PLEKHJ1",1,0.05
"PRMT2",1,0.05
"PRPF38B",1,0.05
"PRR13",1,0.05
"PSAP",1,0.05
"PSMB10",1,0.05
"PSMB7",1,0.05
"PSMD4",1,0.05
"PYHIN1",1,0.05
"RAB27A",1,0.05
"RAB7A",1,0.05
"RAP1A",1,0.05
"RASGRP1",1,0.05
"RBM39",1,0.05
"RESF1",1,0.05
"RORA",1,0.05
"SCAF11",1,0.05
"SEC11A",1,0.05
"SF3B6",1,0.05
"SLC38A2",1,0.05
"SNRPD3",1,0.05
"SNRPE",1,0.05
"SRI",1,0.05
"SRRM2",1,0.05
"SRSF3",1,0.05
"TCEA1",1,0.05
"TSTD1",1,0.05
"UPF2",1,0.05
"WIPF1",1,0.05
"YPEL5",1,0.05
"ZNF207",1,0.05
"ABRACL",0,0
"ACAP1",0,0
"ACP1",0,0
"ACTR3",0,0
"ADD3",0,0
"AIF1",0,0
"AIMP1",0,0
"AIP",0,0
"AK6",0,0
"AKAP13",0,0
"AKAP9",0,0
"AMD1",0,0
"ANKRD11",0,0
"ANKRD12",0,0
"ANP32A",0,0
"ANXA11",0,0
"AP2B1",0,0
"AP2S1",0,0
"AP3S1",0,0
"APRT",0,0
"ARF1",0,0
"ARF6",0,0
"ARHGDIB",0,0
"ARL4C",0,0
"ARL6IP1",0,0
"ARPC5",0,0
"ARRB2",0,0
"ATG12",0,0
"ATP5F1D",0,0
"ATP5F1E",0,0
"ATP5MC1",0,0
"ATP5MC2",0,0
"ATP5MG",0,0
"ATP5MJ",0,0
"ATP5PB",0,0
"ATP5PO",0,0
"ATP6AP2",0,0
"ATRAID",0,0
"ATRX",0,0
"BBLN",0,0
"BBX",0,0
"BCAS2",0,0
"BCLAF1",0,0
"BIN2",0,0
"BLOC1S2",0,0
"BUB3",0,0
"BZW1",0,0
"C12orf57",0,0
"C19orf53",0,0
"C1D",0,0
"C1orf162",0,0
"C1orf56",0,0
"C4orf3",0,0
"C9orf78",0,0
"CALM2",0,0
"CAMLG",0,0
"CAMTA1",0,0
"CAP1",0,0
"CAPZA1",0,0
"CCDC12",0,0
"CCDC167",0,0
"CCDC59",0,0
"CCDC66",0,0
"CCDC85B",0,0
"CCND3",0,0
"CCNDBP1",0,0
"CCNL1",0,0
"CCT4",0,0
"CD164",0,0
"CD37",0,0
"CD3E",0,0
"CD47",0,0
"CD8B",0,0
"CDC42",0,0
"CDKN2D",0,0
"CEBPB",0,0
"CEBPZ",0,0
"CFAP97",0,0
"CFDP1",0,0
"CFLAR",0,0
"CHD1",0,0
"CHMP1B",0,0
"CHMP4A",0,0
"CIR1",0,0
"CITED2",0,0
"CKLF",0,0
"CLEC2D",0,0
"CMC1",0,0
"CNOT1",0,0
"CNOT6L",0,0
"COPS9",0,0
"CORO1B",0,0
"COX16",0,0
"COX6C",0,0
"COX7A2",0,0
"COX7A2L",0,0
"CRBN",0,0
"CTSS",0,0
"CUTA",0,0
"CYRIB",0,0
"DAD1",0,0
"DAZAP2",0,0
"DCTN6-DT",0,0
"DCXR",0,0
"DDT",0,0
"DDX18",0,0
"DDX21",0,0
"DDX46",0,0
"DDX6",0,0
"DEK",0,0
"DGCR6L",0,0
"DGUOK",0,0
"DHRS7",0,0
"DHX36",0,0
"DNAJB1",0,0
"DNAJB6",0,0
"DNAJC8",0,0
"DPP7",0,0
"DSTN",0,0
"DUSP1",0,0
"DUT",0,0
"EDF1",0,0
"EID1",0,0
"EIF1",0,0
"EIF1B",0,0
"EIF2S2",0,0
"EIF3A",0,0
"EIF3G",0,0
"EIF3K",0,0
"EIF4A1",0,0
"EIF4A2",0,0
"EIF4G2",0,0
"EIF5",0,0
"EIF5A",0,0
"EIF5B",0,0
"ELF1",0,0
"ELOB",0,0
"EMB",0,0
"EML4",0,0
"ENSA",0,0
"ERH",0,0
"ETFB",0,0
"EVL",0,0
"FAAP20",0,0
"FAM162A",0,0
"FAM204A",0,0
"FCER1G",0,0
"FIS1",0,0
"FKBP11",0,0
"FKBP1A",0,0
"FKBP3",0,0
"FKBP8",0,0
"FRG1",0,0
"FTH1",0,0
"FTL",0,0
"FXYD5",0,0
"FYB1",0,0
"FYN",0,0
"G3BP2",0,0
"GABARAPL2",0,0
"GADD45GIP1",0,0
"GCC2",0,0
"GDI2",0,0
"GIMAP4",0,0
"GIMAP7",0,0
"GLIPR1",0,0
"GLRX",0,0
"GMFG",0,0
"GNLY",0,0
"GPR65",0,0
"GPSM3",0,0
"GPX1",0,0
"GTF2A2",0,0
"GTF3A",0,0
"GYPC",0,0
"GZMK",0,0
"H1-10",0,0
"H3-3A",0,0
"H3-3B",0,0
"H4C3",0,0
"HAX1",0,0
"HCLS1",0,0
"HDDC2",0,0
"HINT2",0,0
"HLA-B",0,0
"HLA-E",0,0
"HMGB1",0,0
"HMGB2",0,0
"HMGN1",0,0
"HNRNPA0",0,0
"HNRNPA2B1",0,0
"HNRNPA3",0,0
"HNRNPC",0,0
"HNRNPF",0,0
"HNRNPK",0,0
"HNRNPR",0,0
"HNRNPUL1",0,0
"HSP90B1",0,0
"HSPA8",0,0
"HSPE1",0,0
"ID2",0,0
"IER2",0,0
"IER3IP1",0,0
"IK",0,0
"ILF2",0,0
"IRF1",0,0
"ISCU",0,0
"ITGAE",0,0
"ITM2B",0,0
"JAK1",0,0
"JTB",0,0
"JUNB",0,0
"KDELR2",0,0
"KIF2A",0,0
"KLF2",0,0
"KLRG1",0,0
"KMT2E",0,0
"KTN1",0,0
"LAMTOR1",0,0
"LAMTOR4",0,0
"LAPTM4A",0,0
"LAPTM5",0,0
"LAT",0,0
"LCK",0,0
"LCP1",0,0
"LEPROTL1",0,0
"LIMD2",0,0
"LINC01871",0,0
"LITAF",0,0
"LLPH",0,0
"LRRFIP1",0,0
"LSM4",0,0
"LSM6",0,0
"LYAR",0,0
"LYST",0,0
"MACROH2A1",0,0
"MAF1",0,0
"MAGOH",0,0
"MEAF6",0,0
"MECP2",0,0
"MED10",0,0
"MED30",0,0
"METTL26",0,0
"MICOS10",0,0
"MICOS13",0,0
"MIER1",0,0
"MMADHC",0,0
"MOB1A",0,0
"MPHOSPH8",0,0
"MT1X",0,0
"MTDH",0,0
"MYCBP2",0,0
"MYH9",0,0
"MZT2A",0,0
"NCBP2AS2",0,0
"NCOR1",0,0
"NDUFA11",0,0
"NDUFA13",0,0
"NDUFA3",0,0
"NDUFA4",0,0
"NDUFA5",0,0
"NDUFAB1",0,0
"NDUFAF8",0,0
"NDUFB11",0,0
"NDUFB6",0,0
"NDUFB7",0,0
"NDUFB8",0,0
"NDUFB9",0,0
"NDUFC1",0,0
"NDUFS5",0,0
"NDUFS8",0,0
"NDUFV2",0,0
"NEMF",0,0
"NENF",0,0
"NFKBIA",0,0
"NHP2",0,0
"NKTR",0,0
"NMT1",0,0
"NOL7",0,0
"NOP58",0,0
"NPC2",0,0
"NSA2",0,0
"NUCB2",0,0
"OCIAD2",0,0
"ODF2L",0,0
"OFD1",0,0
"ORMDL1",0,0
"OSBPL8",0,0
"OSTF1",0,0
"OTUD6B-AS1",0,0
"P4HB",0,0
"PARP8",0,0
"PCBP1",0,0
"PDCD10",0,0
"PDCD6",0,0
"PEBP1",0,0
"PET100",0,0
"PFDN1",0,0
"PFDN4",0,0
"PIK3R1",0,0
"PLAC8",0,0
"PNKD",0,0
"PNN",0,0
"PNRC1",0,0
"POLD4",0,0
"POLE4",0,0
"POLR1D",0,0
"POLR2I",0,0
"POLR2J",0,0
"POLR2L",0,0
"POP5",0,0
"PPHLN1",0,0
"PPIG",0,0
"PPP1CB",0,0
"PPP1CC",0,0
"PPP2CA",0,0
"PPP3CA",0,0
"PRDX2",0,0
"PRDX6",0,0
"PRELID1",0,0
"PRKAR1A",0,0
"PRKCB",0,0
"PRKCH",0,0
"PRPF4B",0,0
"PRRC2C",0,0
"PSMA1",0,0
"PSMA2",0,0
"PSMA3",0,0
"PTPN4",0,0
"PTPRC",0,0
"PYURF",0,0
"RAB2A",0,0
"RAD23A",0,0
"RANBP1",0,0
"RAP1B",0,0
"RBBP6",0,0
"RBIS",0,0
"RBM25",0,0
"RBM27",0,0
"RBMS1",0,0
"RCN2",0,0
"RHOF",0,0
"RHOH",0,0
"RNASET2",0,0
"RNMT",0,0
"RNPS1",0,0
"ROMO1",0,0
"RSF1",0,0
"RSRC1",0,0
"RSRC2",0,0
"RSRP1",0,0
"RTF1",0,0
"RTN4",0,0
"RTRAF",0,0
"RUNX3",0,0
"RWDD1",0,0
"S100A8",0,0
"S100A9",0,0
"SAP18",0,0
"SAR1A",0,0
"SDCBP",0,0
"SEC11C",0,0
"SEC61G",0,0
"SELENOH",0,0
"SELENOT",0,0
"SELENOW",0,0
"SEPTIN1",0,0
"SEPTIN7",0,0
"SEPTIN9",0,0
"SERBP1",0,0
"SERF2",0,0
"SF3B1",0,0
"SFT2D1",0,0
"SH2D1A",0,0
"SH3KBP1",0,0
"SHOC2",0,0
"SIGIRR",0,0
"SIVA1",0,0
"SKAP1",0,0
"SKP1",0,0
"SLC25A3",0,0
"SLC25A5",0,0
"SLC2A3",0,0
"SLIRP",0,0
"SLTM",0,0
"SMC3",0,0
"SMCHD1",0,0
"SMDT1",0,0
"SNRNP27",0,0
"SNRPB2",0,0
"SNRPD1",0,0
"SNRPG",0,0
"SNU13",0,0
"SNX3",0,0
"SNX6",0,0
"SOD1",0,0
"SPAG7",0,0
"SPCS1",0,0
"SPCS2",0,0
"SPCS3",0,0
"SPOCK2",0,0
"SPSB3",0,0
"SRP9",0,0
"SRRM1",0,0
"SRSF11",0,0
"SRSF2",0,0
"SRSF5",0,0
"SRSF9",0,0
"SS18L2",0,0
"SSB",0,0
"SSBP1",0,0
"SSR2",0,0
"SSR4",0,0
"SSU72",0,0
"STAT4",0,0
"STK17A",0,0
"STK17B",0,0
"STK4",0,0
"STMN1",0,0
"STMP1",0,0
"STRAP",0,0
"STUB1",0,0
"STX8",0,0
"SUMO1",0,0
"SUMO2",0,0
"SUMO3",0,0
"SUN2",0,0
"SYNE2",0,0
"TAF1D",0,0
"TAOK3",0,0
"TAX1BP1",0,0
"TBC1D10C",0,0
"TBCA",0,0
"TCF25",0,0
"TERF2IP",0,0
"THOC7",0,0
"THRAP3",0,0
"TIMM13",0,0
"TLE5",0,0
"TMBIM4",0,0
"TMCO1",0,0
"TMED10",0,0
"TMED2",0,0
"TMED4",0,0
"TMEM147",0,0
"TMEM14B",0,0
"TMEM219",0,0
"TMEM230",0,0
"TMEM258",0,0
"TOB1",0,0
"TPM3",0,0
"TPR",0,0
"TPRKB",0,0
"TRAF3IP3",0,0
"TRAPPC2L",0,0
"TSPO",0,0
"TSPYL2",0,0
"TTC14",0,0
"TUFM",0,0
"TXN2",0,0
"U2AF1",0,0
"UBE2B",0,0
"UBE2D2",0,0
"UBE2D3",0,0
"UBE2I",0,0
"UBE2N",0,0
"UBXN1",0,0
"UBXN4",0,0
"UCP2",0,0
"UPF3A",0,0
"UQCR11",0,0
"UQCRC2",0,0
"UQCRH",0,0
"UQCRQ",0,0
"USP15",0,0
"USP16",0,0
"VAMP2",0,0
"VAPA",0,0
"VDAC2",0,0
"VPS28",0,0
"VPS29",0,0
"VSIR",0,0
"WASF2",0,0
"WDR83OS",0,0
"XBP1",0,0
"XRCC5",0,0
"XRCC6",0,0
"YBX1",0,0
"YWHAZ",0,0
"ZC3H15",0,0
"ZFAND6",0,0
"ZMAT2",0,0
"ZNF428",0,0
"ZNF706",0,0
"ZRANB2",0,0
