"","p_value","bonferroni_pval"
"ISG15",3.64851923823612e-43,7.17298882237221e-40
"IFI6",1.05667488059768e-40,2.07742281525504e-37
"ANXA2",1.26217482192635e-39,2.4814356999072e-36
"HNRNPL",3.88991618476647e-38,7.64757521925088e-35
"GNLY",5.002510224208e-38,9.83493510079294e-35
"IFITM3",1.46163767939038e-37,2.87357967768149e-34
"SP110",5.00083447599601e-36,9.83164057980816e-33
"HNRNPH1",7.78280293861469e-36,1.53009905773165e-32
"CHMP5",1.51261112539411e-35,2.97379347252482e-32
"UBE2L6",7.45753016911327e-35,1.46615043124767e-31
"LY6E",9.40698236605883e-33,1.84941273316717e-29
"BLVRA",2.86327533564825e-32,5.62919930988446e-29
"BIRC2",4.47637070438267e-31,8.80054480481633e-28
"LTB",1.05058466099717e-30,2.06544944352044e-27
"BST2",1.12444279609717e-30,2.21065453712704e-27
"MT2A",1.65219402756707e-30,3.24821345819686e-27
"FOXP1",1.80012604228997e-28,3.53904779914209e-25
"SSB",8.53643025917833e-28,1.67826218895446e-24
"TYMP",1.2742774079064e-27,2.50522938394398e-24
"CIRBP",1.0959880269794e-25,2.1547124610415e-22
"PLAC8",1.85023884050763e-25,3.63756956043799e-22
"PSMA7",4.44388458664154e-25,8.73667709733726e-22
"TNFSF13B",6.06405565108666e-25,1.19219334100364e-21
"BLVRB",2.03220228141476e-24,3.99530968526141e-21
"SRSF6",4.93046819791064e-24,9.69330047709232e-21
"MIF",8.42785301115133e-24,1.65691590199235e-20
"LAP3",1.82762826734254e-23,3.59311717359544e-20
"PABPC4",2.20375012649085e-23,4.33257274868102e-20
"MYL12B",2.57485503777214e-23,5.06216500426004e-20
"HNRNPA1",3.46219786652061e-23,6.80668100557953e-20
"ID1",5.2219929690922e-23,1.02664381772353e-19
"TNFSF10",1.11006937733147e-22,2.18239639583366e-19
"HNRNPDL",1.15881054725107e-22,2.2782215358956e-19
"TTC3",1.22920663932601e-22,2.41662025291494e-19
"MDM4",1.29641656805573e-22,2.54875497279757e-19
"ST13",1.36847047091534e-22,2.69041294581955e-19
"HLA-C",1.95349097916757e-22,3.84056326504345e-19
"CD3D",2.73255055332172e-22,5.3721943878305e-19
"EIF4B",8.24620215256864e-22,1.62120334319499e-18
"PHF11",9.91774225212189e-22,1.94982812676716e-18
"SORL1",1.15958337591457e-21,2.27974091704805e-18
"SNHG9",1.17609725281836e-21,2.3122071990409e-18
"S100A9",1.33397626792187e-21,2.62259734273439e-18
"PCBP2",1.76796327326814e-21,3.47581579524516e-18
"CREG1",2.36865369994312e-21,4.65677317408817e-18
"EIF2S3",3.79922027915919e-21,7.46926706882697e-18
"STAT2",8.42897353767682e-21,1.65713619750726e-17
"IGSF6",1.05293146713411e-20,2.07006326438567e-17
"KRT10",1.43506449374885e-20,2.82133679471023e-17
"NMI",1.45692322620319e-20,2.86431106271548e-17
"TRIM22",1.543078978285e-20,3.0336932713083e-17
"LGALS9",1.64380942308385e-20,3.23172932578286e-17
"TLE4",2.91379288442288e-20,5.72851681077537e-17
"DDX3X",4.16440492231483e-20,8.18722007727096e-17
"RAP2B",4.44978239980653e-20,8.74827219801964e-17
"CST3",5.79213129524792e-20,1.13873301264574e-16
"PABPN1",1.1503065352534e-19,2.26150264830818e-16
"PSME2",1.17582950782547e-19,2.31168081238488e-16
"RABGAP1L",1.35036333960417e-19,2.65481432566179e-16
"CLEC7A",1.52170137723042e-19,2.99166490763501e-16
"RNF145",1.605992708319e-19,3.15738166455515e-16
"MT-ND3",2.32093304450274e-19,4.56295436549239e-16
"PLSCR1",2.41071332301462e-19,4.73946239304674e-16
"SQOR",2.89996710891986e-19,5.70133533613644e-16
"HLA-A",4.33665055059514e-19,8.52585498247005e-16
"CSDE1",7.08131430513892e-19,1.39218639239031e-15
"LASP1",7.60482681549838e-19,1.49510895192698e-15
"LRP1",9.37546848123191e-19,1.84321710341019e-15
"EEF1A1",9.51522716639618e-19,1.87069366091349e-15
"MT-ND4L",9.92003164777375e-19,1.95027822195232e-15
"COPS9",1.14630567476553e-18,2.25363695658904e-15
"EEF2",1.28373299735984e-18,2.52381907280944e-15
"TREX1",1.35766886112971e-18,2.66917698098102e-15
"NONO",1.3869882370956e-18,2.72681887412996e-15
"SET",1.47531821625607e-18,2.90047561315943e-15
"CSF3R",1.98908364780729e-18,3.91053845158913e-15
"IFITM2",2.25756689444214e-18,4.43837651447326e-15
"METAP2",2.53550442651055e-18,4.98480170251974e-15
"PSMD7",2.79892638819503e-18,5.50268927919144e-15
"SREK1",3.81937953461603e-18,7.50890016505511e-15
"CD44",4.32402183241335e-18,8.50102692252464e-15
"CDC42SE2",5.93008671812562e-18,1.1658550487835e-14
"TMEM123",1.18704678829609e-17,2.33373398579011e-14
"S100A10",1.34148459560408e-17,2.63735871495762e-14
"FCER1G",1.38674394606825e-17,2.72633859797018e-14
"PSMA3-AS1",1.55393015104269e-17,3.05502667694993e-14
"PPP3CA",1.76338866100306e-17,3.46682210753202e-14
"IL32",2.17857382907295e-17,4.28307614795741e-14
"TNRC6B",2.39088719720877e-17,4.70048422971245e-14
"ZFP36L1",2.92761878291174e-17,5.75569852720448e-14
"BNIP2",3.0986289713925e-17,6.09190455775765e-14
"GLRX",4.00933409757415e-17,7.88235083583079e-14
"NUDT3",4.93527191077826e-17,9.70274457659006e-14
"PSMB9",6.14812523142736e-17,1.20872142049862e-13
"KMT2E-AS1",6.50776060226162e-17,1.27942573440463e-13
"PABPC1",7.51930786255592e-17,1.47829592577849e-13
"HNRNPH3",9.3377220646309e-17,1.83579615790643e-13
"MED13L",1.02900825641208e-16,2.02303023210615e-13
"LDHA",1.08863945592729e-16,2.14026517035305e-13
"EVI5",1.21414944727656e-16,2.38701781334573e-13
"NDUFAF8",1.5659908324617e-16,3.0787379766197e-13
"B2M",1.60118073794795e-16,3.14792133080567e-13
"YPEL3",2.57931386448598e-16,5.07093105757944e-13
"TIMP1",2.72716139750718e-16,5.36159930749912e-13
"DRAP1",2.80595307726495e-16,5.51650374990289e-13
"CNIH4",3.11566094109067e-16,6.12538941018425e-13
"DECR1",3.1177971919106e-16,6.12958927929623e-13
"ATP2B1",4.76065853002167e-16,9.3594546700226e-13
"STAT1",5.8956661833957e-16,1.1590879716556e-12
"RBM3",5.91742450940921e-16,1.16336565854985e-12
"GSTO1",6.75503230249504e-16,1.32803935067053e-12
"CMTM3",7.75270335403589e-16,1.52418147940346e-12
"ID2",8.08126871150454e-16,1.58877742868179e-12
"SP100",1.01672434561712e-15,1.99888006348326e-12
"SFT2D2",1.04683615254698e-15,2.05807987590736e-12
"MEF2C",1.12282565260839e-15,2.20747523302809e-12
"TMA7",1.25146486276171e-15,2.46037992018952e-12
"EIF3L",2.07420050349615e-15,4.07787818987342e-12
"GRN",2.53660206419354e-15,4.9869596582045e-12
"PSME1",2.82839513211958e-15,5.5606248297471e-12
"MT-CO3",3.02867582247675e-15,5.95437666698929e-12
"CLTC",3.21399284535198e-15,6.31870993396199e-12
"STK4",3.62584815923829e-15,7.12841748106247e-12
"PSMB8",4.02819693039901e-15,7.91943516516445e-12
"TRAPPC6A",4.26218062333922e-15,8.3794471054849e-12
"GNG2",4.27578481959207e-15,8.406192955318e-12
"ATM",4.41111736465511e-15,8.67225673891194e-12
"ARL4A",4.53370442432754e-15,8.91326289822794e-12
"PYCARD",4.85929184964863e-15,9.55336777640922e-12
"BRD2",5.47140421263123e-15,1.0756780682033e-11
"RNMT",5.91092835852119e-15,1.16208851528527e-11
"ZSCAN16-AS1",5.92998211592423e-15,1.1658344839907e-11
"TANK",5.96503190212815e-15,1.17272527195839e-11
"C22orf39",9.25541522807756e-15,1.81961463384005e-11
"MATR3-ENSG00000015479",1.08972286647983e-14,2.14239515549935e-11
"CMTM6",1.10379511509846e-14,2.17006119628357e-11
"ARPC3",1.13657197831267e-14,2.2345005093627e-11
"RNF213",1.33258983246081e-14,2.61987161061795e-11
"APEX1",1.35067044125932e-14,2.65541808751581e-11
"ITGAE",1.46485612909049e-14,2.87990714979191e-11
"CRTAP",2.25429464210902e-14,4.43194326638634e-11
"IFI16",2.52250035914768e-14,4.95923570608434e-11
"PCF11",2.57285061233335e-14,5.05822430384737e-11
"CDC42EP3",2.66703769039709e-14,5.24339609932067e-11
"SP3",3.59524412610396e-14,7.06824995192038e-11
"SLC38A2",3.95187901133741e-14,7.76939413628934e-11
"ANKRD44",4.97529517959733e-14,9.78143032308835e-11
"FBL",7.20380014283994e-14,1.41626710808233e-10
"NPM1",7.30507487115402e-14,1.43617771966888e-10
"KMT2C",7.58018805435121e-14,1.49026497148545e-10
"MT-ND5",9.14935744448737e-14,1.79876367358622e-10
"ATP5PD",1.14773528999453e-13,2.25644758012925e-10
"MT-CO1",1.18583668006971e-13,2.33135491301705e-10
"MAP3K1",1.32244617474951e-13,2.59992917955754e-10
"IL10RA",1.62445666342788e-13,3.19368180029921e-10
"SNX2",1.63839114588036e-13,3.2210769928008e-10
"GSTK1",1.73327743266634e-13,3.40762343262203e-10
"MYL12A",1.90053340372817e-13,3.73644867172958e-10
"MT-CO2",2.80555394332734e-13,5.51571905258154e-10
"EIF4EBP2",2.94382490304387e-13,5.78755975938425e-10
"C12orf57",3.29124722555131e-13,6.47059204543388e-10
"HMGB1",3.58485482902048e-13,7.04782459385427e-10
"MBNL1",3.61623976218016e-13,7.10952737244619e-10
"BIRC6",4.03052199511718e-13,7.92400624240037e-10
"THUMPD1",4.42525569875143e-13,8.70005270374531e-10
"PYM1",4.56204886654577e-13,8.968988071629e-10
"WASF2",4.60244060242307e-13,9.04839822436375e-10
"ILF3",4.72679249628072e-13,9.29287404768791e-10
"RBX1",4.80072466053921e-13,9.43822468262008e-10
"CPEB4",5.74207958204286e-13,1.12889284582963e-09
"CHP1",5.84881519159432e-13,1.14987706666744e-09
"STT3B",5.8999477762217e-13,1.15992973280519e-09
"CAPG",6.17510516129288e-13,1.21402567471018e-09
"CALM1",6.53245842556921e-13,1.28428132646691e-09
"DYNLRB1",6.56897695212145e-13,1.29146086878708e-09
"DHX15",8.88057425808435e-13,1.74592089913938e-09
"TLE5",9.1227420697043e-13,1.79353109090387e-09
"MT-ATP6",9.31801111590715e-13,1.83192098538735e-09
"CD4",9.33614703529246e-13,1.8354865071385e-09
"VAMP2",1.13488019034889e-12,2.23117445422592e-09
"LENG8",1.16448241693678e-12,2.28937243169772e-09
"ATP5ME",1.18721862046781e-12,2.33407180783971e-09
"RAB8A",1.35705208810692e-12,2.6679644052182e-09
"DNAJC15",1.45550506339197e-12,2.86152295462862e-09
"REEP5",1.56060721946915e-12,3.06815379347635e-09
"S100A6",1.85424762441271e-12,3.64545082959538e-09
"EIF4A2",2.31156008124894e-12,4.54452711973541e-09
"G3BP2",2.37941221831799e-12,4.67792442121316e-09
"NAPA",2.62334822660447e-12,5.15750261350439e-09
"EIF4G2",3.90635722653371e-12,7.67989830736527e-09
"LY96",4.21833348739529e-12,8.29324363621914e-09
"LGALS3",4.25360792041176e-12,8.36259317152952e-09
"ATP6V0E1",4.36418417644577e-12,8.57998609089239e-09
"GAS7",4.81578064071523e-12,9.46782473964613e-09
"STRAP",4.87742932874109e-12,9.58902606030499e-09
"FUS",5.41676012112219e-12,1.06493503981262e-08
"NUCKS1",6.76767361919061e-12,1.33052463353287e-08
"HNRNPD",7.1728496495984e-12,1.41018224111104e-08
"LTA4H",7.29432468888397e-12,1.43406423383459e-08
"RNF44",7.91636403224355e-12,1.55635716873908e-08
"FCGR1A",8.28364901866729e-12,1.62856539706999e-08
"TMEM87A",8.75739728444491e-12,1.72170430612187e-08
"UBL3",9.05635514149362e-12,1.78047942081765e-08
"NAP1L1",9.14559197520727e-12,1.79802338232575e-08
"WDR74",1.03723481616181e-11,2.03920364857413e-08
"NHERF1",1.0612349476828e-11,2.08638790714438e-08
"ISG20",1.12781609022066e-11,2.21728643337382e-08
"CTSD",1.32095118776055e-11,2.59699003513724e-08
"SYNCRIP",1.33544521021264e-11,2.62548528327805e-08
"SFPQ",1.43243391193018e-11,2.81616507085473e-08
"NORAD",1.43427869452381e-11,2.8197919134338e-08
"ARF5",1.46235366593772e-11,2.87498730723357e-08
"CPPED1",1.59716818463085e-11,3.14003265098424e-08
"TMEM59",1.8207456530969e-11,3.5795859539885e-08
"TRA2A",1.88397878154389e-11,3.70390228451528e-08
"RBBP4",2.00591425655527e-11,3.94362742838767e-08
"CRIP1",2.02228646378564e-11,3.97581518780256e-08
"CD68",2.67190767777713e-11,5.25297049450984e-08
"RASSF3",2.74147420301515e-11,5.38973828312778e-08
"EIF1",2.91632490342352e-11,5.73349476013064e-08
"CHD2",3.27365165794269e-11,6.43599915951532e-08
"DBI",3.32838052714777e-11,6.54359611637252e-08
"TBL1XR1",3.98586713965189e-11,7.83621479655561e-08
"ELOVL5",4.05156934012979e-11,7.96538532269517e-08
"CNOT7",4.38462633469576e-11,8.62017537401187e-08
"IVNS1ABP",5.03823498365379e-11,9.90516997786335e-08
"CCNY",5.3874739414587e-11,1.05917737689078e-07
"CHMP2A",5.42433309329107e-11,1.06642388614102e-07
"RSL24D1",6.01743779775826e-11,1.18302827103927e-07
"PEBP1",6.05452660994011e-11,1.19031993151423e-07
"VSIR",6.34954055730383e-11,1.24831967356593e-07
"OGFRL1",6.35254112360569e-11,1.24890958490088e-07
"VAMP5",7.24260385306592e-11,1.42389591751276e-07
"TMEM256",7.28061821244751e-11,1.43136954056718e-07
"PCMT1",7.33546566236532e-11,1.44215254922102e-07
"PPBP",8.17424706740698e-11,1.60705697345221e-07
"CTSA",8.2501500106173e-11,1.62197949208736e-07
"SPN",8.74167221379344e-11,1.71861275723179e-07
"USP16",8.75725255890271e-11,1.72167585308027e-07
"TMEM170B",9.03404017401349e-11,1.77609229821105e-07
"CYSLTR1",9.64506902135984e-11,1.89622056959934e-07
"ASH1L",1.07653554545698e-10,2.11646888236842e-07
"SLC36A4",1.16372417039537e-10,2.2878817189973e-07
"PAPOLA",1.27785073828635e-10,2.51225455147097e-07
"RACK1",1.304111822056e-10,2.56388384216209e-07
"PTPRE",1.30614105226281e-10,2.56787330874869e-07
"GIMAP4",1.81267504957553e-10,3.56371914746549e-07
"FAM91A1",1.85199391371601e-10,3.64102003436567e-07
"RBMX",1.99743038171923e-10,3.92694813046001e-07
"ADPGK",2.01855294140003e-10,3.96847508279246e-07
"HINT1",2.04163773066143e-10,4.01385977848038e-07
"LDHB",2.04671565145586e-10,4.02384297076222e-07
"UFM1",2.10511693107307e-10,4.13865988648966e-07
"CANX",2.41916324070458e-10,4.7560749312252e-07
"EIF1AX",2.4231902251776e-10,4.76399198269916e-07
"PARP8",2.75013149200911e-10,5.4067585132899e-07
"EEF1B2",2.75687382561422e-10,5.42001394115756e-07
"ANAPC16",2.8252957114718e-10,5.55453136875356e-07
"SNX6",2.9018980713622e-10,5.70513160829808e-07
"TMEM107",3.166637990542e-10,6.22561028940558e-07
"ATP5F1C",3.44531145650554e-10,6.77348232348988e-07
"LGALS1",3.45007487091831e-10,6.7828471962254e-07
"CD63",3.46170856638454e-10,6.805719041512e-07
"STARD7",3.56448988267489e-10,7.00778710933883e-07
"MT1X",4.16588558893917e-10,8.1901310678544e-07
"SLCO3A1",4.17537604674108e-10,8.20878930789297e-07
"NDUFA12",4.18125276248645e-10,8.22034293104836e-07
"SNRPF",4.23372450906164e-10,8.32350238481517e-07
"NPC2",4.45092996090218e-10,8.75052830313369e-07
"PKN2",4.50510805928606e-10,8.8570424445564e-07
"DNAJB14",4.52146675279074e-10,8.8892036359866e-07
"MT-ND4",4.96381547974803e-10,9.75886123318463e-07
"S100A4",5.08232238742644e-10,9.99184581368038e-07
"SDHB",5.52797549335634e-10,1.08679998199386e-06
"RHOG",5.92636758972404e-10,1.16512386813975e-06
"NSRP1",6.00352712599686e-10,1.18029343297098e-06
"SGK1",6.08866047327697e-10,1.19703064904625e-06
"S100A11",6.2034967140341e-10,1.2196074539791e-06
"RAB3D",6.44602059521618e-10,1.2672876490195e-06
"SIVA1",7.09857289889365e-10,1.39557943192249e-06
"SBDS",7.25822684452427e-10,1.42696739763347e-06
"HLA-E",7.43932847347348e-10,1.46257197788489e-06
"PDCD4",7.58799885174121e-10,1.49180057425232e-06
"DSTN",7.63123796303552e-10,1.50030138353278e-06
"SLC25A6-ENSG00000169100",8.22732906452094e-10,1.61749289408482e-06
"TCEA1",8.27315961192522e-10,1.6265031797045e-06
"RCSD1",9.1976868513732e-10,1.80826523497997e-06
"OGA",9.57770017201233e-10,1.88297585381762e-06
"PRMT2",1.06036295420289e-09,2.08467356796289e-06
"CORO1A",1.09969585511083e-09,2.1620020511479e-06
"MT-CYB",1.13424317061165e-09,2.2299220734225e-06
"CLTA",1.1405286980336e-09,2.24227942033406e-06
"H2AJ",1.15909324695798e-09,2.27877732351939e-06
"NKTR",1.16271044099835e-09,2.28588872700275e-06
"SEPTIN9",1.20249446661346e-09,2.36410412136207e-06
"PRDX1",1.26105413937343e-09,2.47923243800816e-06
"ADAR",1.38844549357187e-09,2.72968384036229e-06
"NKG7",1.46757785174406e-09,2.88525805652883e-06
"RSL1D1",1.54293780057289e-09,3.0334157159263e-06
"CDV3",1.60915472297582e-09,3.16359818537047e-06
"CELF1",1.61961636210336e-09,3.1841657678952e-06
"KMT2E",1.67811236503078e-09,3.29916890965052e-06
"KHDRBS1",1.70254688313424e-09,3.34720717224191e-06
"GAPDH",1.72012836253259e-09,3.38177236073907e-06
"RGS10",1.76735825447479e-09,3.47462632829745e-06
"DYNLT1",1.78507352124986e-09,3.50945454277723e-06
"LYSMD2",1.80265074112245e-09,3.54401135704673e-06
"HMGN1",2.04468771191918e-09,4.01985604163311e-06
"FCN1",2.11314130981586e-09,4.15443581509797e-06
"ERP44",2.18402960008798e-09,4.29380219377298e-06
"TXN",2.20235267447427e-09,4.32982535801641e-06
"TM9SF3",2.20914315254634e-09,4.34317543790611e-06
"HMGN2",2.22557969253775e-09,4.37548967552922e-06
"BST1",2.23641287035538e-09,4.39678770311868e-06
"ARHGEF1",2.29810335806206e-09,4.51807120195e-06
"FCGR2A",2.33988433072927e-09,4.60021259421374e-06
"CYBA",2.41251438798669e-09,4.74300328678182e-06
"HSPA9",2.49910983981189e-09,4.91324994507017e-06
"TALDO1",2.51405801463179e-09,4.9426380567661e-06
"SERPINA1",2.6868636751403e-09,5.28237398532583e-06
"TOMM7",2.71884934157152e-09,5.3452578055296e-06
"EIF3J",2.86979167595481e-09,5.64201043492716e-06
"WDR45B",2.96630993344394e-09,5.83176532915078e-06
"FXR1",2.99697108503375e-09,5.89204515317636e-06
"NOTCH2",3.60299138412297e-09,7.08348106118576e-06
"NOP53",3.65748777012116e-09,7.1906209560582e-06
"MS4A6A",3.66048129711897e-09,7.19650623013589e-06
"CYP1B1",3.66982256995688e-09,7.21487117253522e-06
"NAMPT",4.0578523135993e-09,7.97773764853621e-06
"CLIC1",4.46135413528693e-09,8.7710222299741e-06
"TPT1",5.61324184478555e-09,1.10356334668484e-05
"UBE2L3",6.00401672217273e-09,1.18038968757916e-05
"ATP5MJ",6.98181745648775e-09,1.37262531194549e-05
"SRSF9",7.33767924219507e-09,1.44258773901555e-05
"TMEM50A",7.49867155471707e-09,1.47423882765738e-05
"SNHG25",7.65319961399651e-09,1.50461904411171e-05
"NCL",8.28801811224724e-09,1.62942436086781e-05
"MBP",8.91224874198331e-09,1.75214810267392e-05
"NDUFB3",9.48726111279653e-09,1.8651955347758e-05
"PDIA4",9.8580227061786e-09,1.93808726403471e-05
"PLBD1",1.03743686972559e-08,2.03960088588051e-05
"DDIT4",1.09074231935471e-08,2.14439939985135e-05
"FAM133B",1.16125662734933e-08,2.28303052936878e-05
"POLR2L",1.17296902067768e-08,2.30605709465232e-05
"MYCBP2",1.18652019120419e-08,2.33269869590743e-05
"HNRNPUL1",1.19492825638904e-08,2.34922895206086e-05
"COMMD6",1.22132470927106e-08,2.40112437842689e-05
"ARHGAP4",1.27584706368776e-08,2.50831532721014e-05
"HNRNPA2B1",1.30742996383789e-08,2.57040730890529e-05
"RBM5",1.31119269773384e-08,2.57780484374472e-05
"EWSR1",1.31516310316587e-08,2.5856106608241e-05
"BLOC1S1",1.37258359418723e-08,2.6984993461721e-05
"ITM2B",1.46975245719156e-08,2.88953333083861e-05
"HLA-F",1.54066010168516e-08,3.02893775991302e-05
"SRRM2",1.59593627120898e-08,3.13761070919686e-05
"RAB4A",1.66355227306854e-08,3.27054376885276e-05
"RANBP1",1.69381821074722e-08,3.33004660232904e-05
"CYTH1",1.78973319905577e-08,3.51861546934365e-05
"GIMAP2",1.8343539483767e-08,3.60633986250858e-05
"CD163",2.06365505961661e-08,4.05714584720625e-05
"ANAPC15",2.16967814418938e-08,4.26558723147631e-05
"LPGAT1",2.27673626731968e-08,4.47606350155048e-05
"RBM26",2.5289574692894e-08,4.97193038462296e-05
"EVL",2.58396073169674e-08,5.0800667985158e-05
"SRSF7",2.93703839230947e-08,5.77421747928041e-05
"USP3",3.12349553323026e-08,6.14079221833069e-05
"SSH2",3.18509845482941e-08,6.26190356219461e-05
"PPP4R3A",3.23379362370556e-08,6.35763826420514e-05
"ANP32B",3.54087532978957e-08,6.96136089836629e-05
"NFKBIA",3.84057439276508e-08,7.55056925617616e-05
"PLAAT4",4.05091839829152e-08,7.96410557104113e-05
"C6orf62",4.29606963735262e-08,8.44607290703526e-05
"DPEP2",4.58802239832822e-08,9.02005203511328e-05
"CD302",4.66827510000874e-08,9.17782884661718e-05
"RNH1",4.88795580975622e-08,9.60972112198073e-05
"CSF2RA-ENSG00000198223",5.22400230794473e-08,0.000102703885374193
"HEXB",5.28917638027113e-08,0.00010398520763613
"APBB1IP",5.46036137144155e-08,0.000107350704562541
"HNRNPM",5.53770799022822e-08,0.000108871339087887
"CALM3",5.86887230494362e-08,0.000115382029515192
"TTC17",6.27762488020326e-08,0.000123418105144796
"CASP1",6.3048895006358e-08,0.0001239541275825
"EIF3F",6.41165434372535e-08,0.00012605312439764
"NDUFB1",6.44711451914036e-08,0.000126750271446299
"EMC3",7.20888019411772e-08,0.000141726584616354
"MORF4L2",7.5639096301395e-08,0.000148706463328543
"SNRPD2",7.59471697582521e-08,0.000149312135744724
"AIF1",7.96066627494001e-08,0.000156506698965321
"CCNI",8.00952932454172e-08,0.00015746734652049
"LMAN2",8.24519780814872e-08,0.000162100588908204
"HNRNPA0",8.82761425499375e-08,0.000173550896253177
"IRF2BP2",8.94832981612859e-08,0.000175924164185088
"MPLKIP",9.02585370405555e-08,0.000177448283821732
"PPHLN1",9.35701605997173e-08,0.000183958935739044
"DNAJC3",9.58869542349508e-08,0.000188513752025913
"UQCC5",9.7226298798221e-08,0.000191146903437302
"CNOT1",9.75661735393068e-08,0.000191815097178277
"FERMT3",9.88145233392568e-08,0.000194269352884979
"JUND",1.00192341214653e-07,0.000196978142828008
"MED30",1.00341548983831e-07,0.000197271485302212
"RBM25",1.09594139263012e-07,0.000215462077791081
"BTG2",1.11800702238504e-07,0.000219800180600898
"EIF5",1.21089273066275e-07,0.000238061510848296
"HNRNPK",1.27417863239777e-07,0.000250503519129402
"PSMA4",1.32816049750302e-07,0.000261116353809093
"TRA2B",1.45839861914308e-07,0.00028672116852353
"FPR1",1.46589277164571e-07,0.000288194518905547
"ENO1",1.51727091277983e-07,0.000298295461452515
"EIF3A",1.58921412338026e-07,0.000312439496656559
"SNHG8",1.62778355724123e-07,0.000320022247353626
"NDUFA4",1.70157610062007e-07,0.000334529861381906
"HSBP1",1.86295411726051e-07,0.000366256779453416
"PSMA3",1.98710007161864e-07,0.000390663874080224
"OSTC",2.31941236353824e-07,0.000455996470671619
"OAZ1",2.33893723169449e-07,0.000459835059751137
"LILRB2",2.34475833627243e-07,0.00046097948891116
"ARHGAP45",2.44745198796669e-07,0.000481169060834252
"PICALM",2.71300814965e-07,0.00053337740222119
"FKBP5",2.9608720163093e-07,0.000582107438406408
"DDX18",2.96487358983705e-07,0.000582894147761963
"PMAIP1",3.07235322175735e-07,0.000604024643397495
"LSM7",3.25754342815322e-07,0.000640433037974922
"CLEC4E",3.29655471347678e-07,0.000648102656669535
"HNRNPAB",3.481765915363e-07,0.000684515178960365
"ZNF106",3.53279393548979e-07,0.000694547287717292
"TIMM13",3.55958546191206e-07,0.00069981450181191
"UBA2",3.81987222453947e-07,0.000750986879344461
"CD53",3.97943403231569e-07,0.000782356730753265
"SEC63",4.04030391082138e-07,0.000794323748867483
"PPIB",4.08784662310117e-07,0.00080367064610169
"COX5B",4.63620430682417e-07,0.000911477766721631
"ANAPC5",4.63746504618572e-07,0.000911725628080112
"PLEKHB2",4.65722786957006e-07,0.000915610999157473
"SRSF11",4.77283039045779e-07,0.000938338454764002
"DNAJB1",4.79656579159716e-07,0.000943004834628002
"YBX1",5.05103519704399e-07,0.000993033519738848
"HELZ",5.42919692487217e-07,0.00106738011542987
"BTF3",6.41377079679189e-07,0.00126094733864928
"MAP3K2",6.56651271419545e-07,0.00129097639961083
"DDX5",6.59015553710476e-07,0.0012956245785948
"RSRC1",6.84161663048148e-07,0.00134506182955266
"CAPN2",7.04603154637794e-07,0.0013852498020179
"GLIPR2",7.17813801953473e-07,0.00141122193464053
"SPINT2",7.45358041276729e-07,0.00146537390915005
"POMP",7.60211085439545e-07,0.00149457499397414
"FAR1",7.65681214015223e-07,0.00150532926675393
"PKM",7.87300793183004e-07,0.00154783335939778
"CMPK1",8.04693500464308e-07,0.00158202742191283
"CCT6A",8.08906984887843e-07,0.0015903111322895
"FNBP1",9.05298528973052e-07,0.00177981690796102
"H3-3B",9.81394082677405e-07,0.00192942076654378
"NUMB",1.06485267881771e-06,0.00209350036655562
"ATG16L2",1.15932456896008e-06,0.00227923210257552
"ANP32E",1.24034407436241e-06,0.0024385164501965
"NHP2",1.27229150945061e-06,0.00250132510757989
"TOMM20",1.3216616976202e-06,0.00259838689752131
"HADHA",1.35650395440141e-06,0.00266688677435318
"DDX17",1.35698034178249e-06,0.00266782335194438
"VPS29",1.38076532109781e-06,0.0027145846212783
"HNRNPC",1.39777885610894e-06,0.00274803323111018
"SRI",1.44575697849675e-06,0.00284235821972462
"PSMA5",1.54197503003653e-06,0.00303152290905181
"UBE2F",1.61518456448243e-06,0.00317545285377246
"EIF3E",1.62399227479999e-06,0.00319276881225678
"AIMP1",1.70474094128863e-06,0.00335152069057345
"COX7C",1.71246769044461e-06,0.00336671147941411
"CACUL1",2.0403256080236e-06,0.0040112801453744
"CCDC69",2.20211854999602e-06,0.00432936506929218
"MAPK1",2.47560275862049e-06,0.00486703502344789
"TMX4",2.60559546623453e-06,0.00512260068661708
"HNRNPA3",2.60607126687383e-06,0.00512353611067396
"RNF181",2.62106444320397e-06,0.00515301269533901
"CCT4",2.6363450793178e-06,0.00518305442593879
"MCTS1",2.66619809462275e-06,0.00524174545402833
"FLNA",2.67435512787127e-06,0.00525778218139491
"IDH3G",2.71556563765948e-06,0.00533880204363854
"GCHFR",2.79329705868638e-06,0.00549162201737742
"TGFBR2",2.80994011247939e-06,0.00552434226113447
"SSR1",2.91184353422694e-06,0.00572468438829016
"PTMA",2.91736967155694e-06,0.00573554877428095
"NUFIP2",3.13037071896352e-06,0.00615430883348227
"REX1BD",3.1418887480318e-06,0.00617695327863051
"RNPS1",3.18900096540679e-06,0.00626957589798975
"SEC61G",3.23068070609835e-06,0.00635151826818936
"GRK2",3.23915466586811e-06,0.0063681780730967
"MZT2B",3.39745371977159e-06,0.00667939401307094
"WDR1",3.40039874050826e-06,0.00668518392383923
"ARGLU1",3.42100675480693e-06,0.00672569927995042
"SF1",3.43919325247091e-06,0.00676145393435782
"SHOC2",3.50281350485195e-06,0.00688653135053893
"ARL6IP4",3.57513840920825e-06,0.00702872211250342
"FAM107B",3.65680908211533e-06,0.00718928665543875
"EPC1",3.69074099387582e-06,0.00725599679395987
"SCAF11",3.71928976889205e-06,0.00731212368564176
"WTAP",3.7422464075686e-06,0.00735725643727988
"ZC3H11A",3.77323229317037e-06,0.00741817468837295
"CSTB",3.79646514143041e-06,0.0074638504680522
"ARHGEF6",3.94403640513894e-06,0.00775397557250316
"PSMB7",3.99561656287991e-06,0.00785538216262191
"HNRNPU",4.06396744321418e-06,0.00798975999335907
"LILRA2",4.16867065853465e-06,0.00819560651467912
"PRKCB",4.26443646129389e-06,0.00838388208290379
"SF3B1",4.29507486906406e-06,0.00844411719257994
"NUCB1",4.29996894823781e-06,0.00845373895223554
"CYLD",4.3247175843144e-06,0.00850239477076211
"EMP3",4.33865714908572e-06,0.00852979995510253
"KLF13",4.41481940251916e-06,0.00867953494535267
"CYB5R4",4.70498528564281e-06,0.00925000107157376
"EZR",4.81308481951634e-06,0.00946252475516912
"HIF1A",4.81549098451343e-06,0.0094672552755534
"COPZ1",4.84828175363215e-06,0.0095317219276408
"HSPA5",4.87490430106658e-06,0.00958406185589689
"JTB",4.88356452317393e-06,0.00960108785255995
"SRSF2",5.09972007744866e-06,0.0100260496722641
"LAPTM4A",5.10373740837886e-06,0.0100339477448728
"SMARCE1",5.26146776868451e-06,0.0103440456332337
"CARD16",5.40936035638391e-06,0.0106348024606508
"WAPL",5.78824582142359e-06,0.0113796912849188
"ZBTB1",5.95726612442644e-06,0.0117119852006224
"ATP6V1E1",6.00109284924552e-06,0.0117981485416167
"PSMB2",6.05136212667531e-06,0.0118969779410437
"PLEKHO1",6.13954667268774e-06,0.0120703487585041
"QKI",6.28886659625254e-06,0.0123639117282325
"DENND10",6.40011785070716e-06,0.0125826316944903
"FOXN3",6.60739376406194e-06,0.0129901361401458
"CD33",6.61937707019781e-06,0.0130136953200089
"MDH1",6.62859538445543e-06,0.0130318185258394
"S100A8",6.77129272755727e-06,0.0133123615023776
"CUX1",7.33984506186355e-06,0.0144301353916237
"HOOK3",7.61067732189434e-06,0.0149625916148443
"BAZ1A",7.78026678212977e-06,0.0152960044936671
"SERINC1",8.03810339544915e-06,0.015802911275453
"LRPAP1",8.19761062958387e-06,0.0161165024977619
"EIF3M",8.34887729830764e-06,0.0164138927684728
"FYB1",8.45841729123906e-06,0.016629248394576
"LMO2",8.50810797395465e-06,0.0167269402767948
"SNRPB2",8.98258730309274e-06,0.0176597666378803
"GNG5",9.1492854977908e-06,0.0179874952886567
"PNISR",9.34540547244845e-06,0.0183730671588337
"TYROBP",9.47880106897646e-06,0.0186353229016077
"CD93",1.00522516858859e-05,0.0197627268144517
"DDX21",1.01763198656017e-05,0.0200066448557729
"ATP6V0D1",1.04232271579053e-05,0.0204920645924418
"GADD45B",1.06968106780205e-05,0.0210299297929884
"RAN",1.12967804941049e-05,0.0222094704514103
"CORO1C",1.14617244983932e-05,0.0225337503638411
"M6PR",1.15344481956875e-05,0.0226767251527215
"RBPJ",1.16652021277342e-05,0.0229337873831255
"SLC6A6",1.1891582598514e-05,0.0233788513886785
"CMC2",1.19560866287194e-05,0.0235056663120624
"ARF1",1.20582842220025e-05,0.0237065867804569
"ATOX1",1.26987246109195e-05,0.0249656925850677
"SEPTIN2",1.31020471298558e-05,0.0257586246572965
"ARL6IP5",1.38636716071028e-05,0.0272559783795641
"EIF3D",1.44544021915375e-05,0.0284173547085627
"NSA2",1.48180804904572e-05,0.0291323462442388
"PSMD8",1.48723747857417e-05,0.0292390888287681
"DCXR",1.49784044275541e-05,0.0294475431045714
"NDUFB4",1.51923989060325e-05,0.02986825624926
"BCLAF1",1.52383377450365e-05,0.0299585720067418
"EIF6",1.55197114725696e-05,0.0305117527550718
"GLUD1",1.5677501345065e-05,0.0308219676443978
"LSM5",1.57923933392655e-05,0.0310478453049959
"GRK3",1.58775352484639e-05,0.0312152342984799
"THUMPD3-AS1",1.6198806754113e-05,0.0318468540785862
"COX7A2L",1.62770665865929e-05,0.0320007129092417
"HNRNPR",1.80960207150234e-05,0.035576776725736
"ALDOA",1.81323857526411e-05,0.0356482703896924
"NME3",1.81991660585434e-05,0.0357795604710963
"PTBP3",1.8323907140804e-05,0.0360248014388206
"RNASE6",1.88973160116094e-05,0.0371521232788241
"ATP2B1-AS1",1.91664091041854e-05,0.0376811602988285
"FAAP20",1.93672273572346e-05,0.0380759689843233
"SDHD",1.95123274685889e-05,0.0383612358032458
"CDC42SE1",2.06423492057375e-05,0.0405828585384798
"TCF25",2.45180319183969e-05,0.0482024507515683
"DCTN3",2.5361687404979e-05,0.0498610774381886
