"","baseMean","log2FoldChange","lfcSE","stat","pvalue","padj","bonferroni"
"ISG15",1504.842158303,2.05871174087184,0.139068205138337,14.8036119314544,1.38823293294972e-49,1.36463297308957e-46,2.72926594617914e-46
"RER1",176.428589724562,0.156746710376219,0.0367855778074354,4.2610914309068,2.03430980777858e-05,5.99618153237284e-05,0.0399945308209269
"ENO1",837.136470378369,0.210314390738274,0.030465312878739,6.90340491743472,5.07706433931257e-12,4.07408509840347e-11,9.9815084910885e-09
"AGTRAP",451.274043039899,0.21167584986033,0.0306532033415077,6.90550502999789,5.00251359368718e-12,4.03071382179877e-11,9.83494172518899e-09
"SDHB",180.255215525142,0.374589315175898,0.0441441944969647,8.48558501167473,2.14636145142836e-17,3.9436884238394e-16,4.21974661350816e-14
"CAPZB",551.331101767868,0.193599679829596,0.0271002103068588,7.14384418561496,9.07562741814238e-13,8.57821322310958e-12,1.78426835040679e-09
"TMEM50A",472.564624327645,0.246845693422129,0.0457605148554019,5.39429449607667,6.87933098010039e-08,2.97247575975327e-07,0.000135247647068774
"NUDC",141.395817749759,0.188554960341229,0.0307261371739304,6.13663081935363,8.42899570769341e-10,5.03690138642105e-09,1.65714055613252e-06
"WASF2",248.859395038505,-0.17273257543825,0.0393601619555123,-4.38851282252052,1.14128406899807e-05,3.50177852881643e-05,0.0224376447965021
"FGR",533.137945984287,0.113117822571137,0.0241901869534418,4.67618637213728,2.92259014755423e-06,9.94085160915506e-06,0.00574581223009162
"IFI6",1391.18606693891,2.17775682289176,0.140728762616381,15.474852350036,5.12908159301794e-54,1.00837744118733e-50,1.00837744118733e-50
"THEMIS2",274.84972031855,0.231882886985046,0.0490792099769312,4.72466625061892,2.30493585574732e-06,7.92220960209657e-06,0.00453150389239924
"DNAJC8",246.608210858485,0.213844340665091,0.0364374304822261,5.86880956848487,4.38935227671487e-09,2.28384725856251e-08,8.62946657602143e-06
"LAPTM5",1504.09181607769,0.126725192918615,0.0288608917274635,4.39089665403599,1.12884187215082e-05,3.47853153706662e-05,0.0221930312064851
"RBBP4",159.013311234457,-0.187465221828046,0.034958594766392,-5.36249306016924,8.20811229450189e-08,3.51571868649035e-07,0.000161371487709907
"SFPQ",366.038824837173,-0.152302512833194,0.0333308283611991,-4.56941877299669,4.89078668952958e-06,1.61060077581493e-05,0.00961528663161516
"PSMB2",220.413483036051,0.248000547698768,0.0398875266355174,6.21749626054625,5.05150195199975e-10,3.10351651175984e-09,9.9312528376315e-07
"LSM10",180.50487011719,0.19665837132182,0.0381762888912441,5.15132237924059,2.58656125385681e-07,1.03567809064816e-06,0.000508517942508248
"CSF3R",588.787017557236,-0.275663007721612,0.036786385716519,-7.49361488910352,6.70021302030208e-14,7.4421575129457e-13,1.31726187979139e-10
"PABPC4",169.900864660388,-0.420857735554347,0.0497098711678226,-8.4662809552154,2.53352615758168e-17,4.56964442734456e-16,4.98091242580557e-14
"CAP1",605.502056199222,0.132755163443441,0.0240453008277647,5.52104398253776,3.3699140635316e-08,1.51261439472674e-07,6.62525104890314e-05
"PRDX1",426.925820032745,0.330374416099937,0.0393232402857613,8.40150541255278,4.40790855720249e-17,7.73745377094652e-16,8.6659482234601e-14
"AKR1A1",205.411234351075,0.201504547059892,0.035201965201132,5.72424141403935,1.03896922883131e-08,5.08112811911035e-08,2.04261350388236e-05
"TXNDC12",120.610698962148,0.247118846394765,0.0359041557244785,6.88273659158306,5.87135358861326e-12,4.65446820774745e-11,1.15430811552137e-08
"TMEM59",556.372567761183,0.306038096105008,0.0533210515825698,5.73953601854786,9.49362909812318e-09,4.70137904456176e-08,1.86644748069102e-05
"LEPROT",168.811722650833,0.19663907770965,0.0302478448985714,6.5009285246281,7.98257549570444e-11,5.56515724274998e-10,1.56937434245549e-07
"ENSG00000273338.1",486.877843917999,-0.35515484381471,0.0780516869644912,-4.55025198848404,5.35817087893186e-06,1.74406687880464e-05,0.01053416394798
"GNG5",681.325497584249,0.191927193860073,0.0408125772054982,4.7026482276208,2.56808654427358e-06,8.76537872576713e-06,0.00504885814604187
"SH3GLB1",245.468268969156,0.144437639100371,0.0310205659137471,4.65618968725395,3.22115179066677e-06,1.09185938283636e-05,0.00633278442045087
"PKN2",123.399238025524,-0.211097855630955,0.0382223925674531,-5.52288439972509,3.33479157698732e-08,1.50027465454395e-07,6.55620024035707e-05
"EVI5",101.015059577452,-0.250017841501211,0.0308679612789063,-8.09959035655723,5.51445565017701e-16,8.33955369865231e-15,1.0841419808248e-12
"PSMA5",179.109062483016,0.281674712688794,0.0449746570669686,6.26296521326158,3.77724907257488e-10,2.39550699247813e-09,7.42607167668221e-07
"CD53",440.752117176375,0.302066267924023,0.0395019536475836,7.64686907941073,2.05931800584518e-14,2.49914765400718e-13,4.04861919949163e-11
"C1orf162",1028.26964456314,0.224125642217817,0.0392326088659501,5.71273868081545,1.11172328220723e-08,5.35698032553777e-08,2.18564797281941e-05
"CSDE1",392.485491957441,-0.232891832101109,0.0322728081640907,-7.21634854075832,5.34020798150643e-13,5.19744994635725e-12,1.04988488916416e-09
"CD58",100.86138044539,0.246281303254519,0.039569993810054,6.22394090928422,4.84819740405805e-10,2.98794861955427e-09,9.53155609637812e-07
"NOTCH2",189.284716839212,-0.159546063174464,0.0363560857597668,-4.3884279575285,1.1417294186019e-05,3.50177852881643e-05,0.0224464003697133
"FCGR1A",183.077715824382,0.828529822757677,0.0699185388827431,11.8499304475908,2.15369487906917e-32,2.35231340680555e-30,4.23416413224999e-29
"PSMD4",246.412632711857,0.189901797403403,0.0389330217372773,4.87765369677376,1.07355190176777e-06,3.93035947649056e-06,0.00211060303887543
"PSMB4",180.950702839407,0.155180994219193,0.0290523419631267,5.34142804790572,9.22172181126719e-08,3.92422187899379e-07,0.000181299050809513
"S100A10",3484.0612592701,0.400222935672702,0.0422960553014027,9.46241754274018,3.00904333662957e-21,8.69967529384374e-20,5.91577919981374e-18
"S100A11",4105.51235914593,0.292569045259622,0.0420915424241716,6.9507798576564,3.63272375269666e-12,3.06838189095513e-11,7.14193489780163e-09
"S100A9",47733.7041442375,0.501451211873457,0.0473396874447895,10.5926177154904,3.22446389241301e-26,1.71332324661729e-24,6.33929601248398e-23
"S100A6",14907.3035894615,0.23248238389501,0.0345086428286311,6.73693210855932,1.6176571691637e-11,1.21851110903289e-10,3.18031399457583e-08
"S100A4",16219.4385800298,0.194559296947704,0.0409515236051201,4.75096601591105,2.02447157843259e-06,7.03199845088071e-06,0.00398011112319848
"C1orf43",170.057810424805,0.222845439314136,0.0342291732352331,6.51039503007201,7.49534309883052e-11,5.28166470691785e-10,1.47358445323008e-07
"ADAR",227.360055542068,0.421652192582401,0.0473121853409321,8.91212675009559,5.00628556671503e-19,1.1444601656002e-17,9.84235742416175e-16
"KRTCAP2",263.554654302976,-0.266386937295478,0.0585108965581092,-4.55277483281974,5.2942929283829e-06,1.72613265293545e-05,0.0104085798972008
"ASH1L",110.392292203601,-0.243526922500092,0.041879146324152,-5.81499251716237,6.06365984565532e-09,3.08040187507968e-08,1.19211552565584e-05
"SSR2",510.378025450302,0.174072516086757,0.0270060062506872,6.44569635624399,1.1507083881076e-10,7.88255293038165e-10,2.26229269101953e-07
"IFI16",489.980027881016,0.553053052873019,0.0580619007268058,9.52523162263076,1.64674281868127e-21,5.05858809613654e-20,3.23749638152738e-18
"TAGLN2",744.411021789668,0.253988409625472,0.0476618948879485,5.32896164163405,9.87758534552922e-08,4.18520103217898e-07,0.000194193327893105
"CD48",787.868072017354,0.23940474705594,0.0356914417341414,6.70762332435937,1.97819761122466e-11,1.45660543208528e-10,3.88913650366769e-08
"FCER1G",4156.47901632745,0.408764690363981,0.0509812402939195,8.01794322788835,1.07530482539381e-15,1.54310166914177e-14,2.11404928672422e-12
"SDHC",152.309861538956,0.204770210002263,0.0432723979404206,4.73212069930119,2.22186223419229e-06,7.66347570600358e-06,0.00436818115242204
"FCGR2A",267.244322073282,0.423928050778936,0.0451257250938059,9.39437648697473,5.75577100765327e-21,1.57164525014532e-19,1.13158458010463e-17
"MGST3",254.184580233311,0.254367903171298,0.0518527733069194,4.90557952736068,9.31518872824489e-07,3.45168294440793e-06,0.00183136610397295
"CREG1",215.900156226336,0.494282792758672,0.0379626007498417,13.0202563311138,9.38553131622466e-39,2.05021717418863e-36,1.84519545676977e-35
"RCSD1",229.146953008582,-0.148133737757544,0.027779703099292,-5.33244495911547,9.68991451015312e-08,4.11455117212981e-07,0.00019050371926961
"SFT2D2",110.921993568723,-0.301182083933992,0.0399394276340671,-7.54097146041954,4.66483208908233e-14,5.33201156228829e-13,9.17105988713586e-11
"SELL",575.209886718522,0.334329920357236,0.0586080012873189,5.70450984530632,1.16678350444153e-08,5.60854858125193e-08,2.29389636973204e-05
"PRDX6",316.308368518238,0.214271254940591,0.0281780289027922,7.6041960095853,2.86680478441864e-14,3.41584133707094e-13,5.63613820616705e-11
"RABGAP1L",210.803558967973,0.715046945090848,0.0727788932571816,9.82492193944278,8.79421362807752e-23,3.2621554703397e-21,1.72894239928004e-19
"NCF2",524.322742322638,0.229692205772027,0.0294746484645098,7.7928734603433,6.55022125595578e-15,8.36216557740848e-14,1.28777349892091e-11
"ARPC5",988.002243896311,0.167777405935923,0.0344508850610074,4.87004631778875,1.11572092149849e-06,4.05563874296616e-06,0.00219350733166602
"IVNS1ABP",152.170886700951,-0.411967075485025,0.0731497418457745,-5.6318322538116,1.7830506891055e-08,8.32655024888697e-08,3.50547765478142e-05
"MDM4",219.420209892632,-0.275403003305148,0.0351849383486323,-7.82729816310318,4.98465971118799e-15,6.47472322718371e-14,9.79984099219559e-12
"NUCKS1",186.790198611932,-0.153885460975193,0.0324703729534928,-4.73925757476216,2.14502695129665e-06,7.41146394771391e-06,0.00421712298624921
"LPGAT1",118.2923356954,-0.166552723368881,0.0388359321394151,-4.28862432787715,1.79783155313796e-05,5.35535883858974e-05,0.0353453683346923
"CAPN2",230.428284248942,0.237864613441454,0.0334269329737072,7.11595687311645,1.11139045980878e-12,1.02581861219909e-11,2.18499364398406e-09
"CNIH4",197.662522255947,0.436065149219211,0.0650914303049429,6.69927127390373,2.09461438094426e-11,1.53657159437926e-10,4.11801187293641e-08
"H3-3A",5028.9634534778,0.117161541644054,0.0271362153979956,4.31753433283506,1.57781871915988e-05,4.73586504102033e-05,0.0310199160186831
"ARF1",396.387162408629,0.234265861598415,0.035473271596539,6.60401059882143,4.00180896923588e-11,2.89248398291093e-10,7.86755643351774e-08
"RAB4A",99.8917918663525,-0.173862885634213,0.0411109409470961,-4.22911472296268,2.3461269182061e-05,6.86381773987081e-05,0.0461248552119319
"ID2",1690.30143278739,0.464473130132164,0.0506089569646168,9.177686283021,4.40453051886352e-20,1.09611481013743e-18,8.65930700008568e-17
"IAH1",116.365789312329,0.216636409808926,0.0471002840204337,4.59947141114779,4.23564313149999e-06,1.40901428029255e-05,0.00832727439652898
"LAPTM4A",504.093880331162,0.202296132120352,0.0463512172964644,4.36441897149016,1.27461082774407e-05,3.87308328801366e-05,0.0250588488734484
"RAB10",189.209110455328,0.268594384367998,0.0477918833249608,5.62008369793027,1.90864970541767e-08,8.87093456465991e-08,3.75240532085114e-05
"HADHB",164.681261991654,0.177198125276522,0.0257402119757671,6.88409735876859,5.81550929413098e-12,4.62886286326377e-11,1.14332912722615e-08
"BIRC6",122.681874182067,-0.240937224608629,0.0336453979903753,-7.16107518411737,8.004673003706e-13,7.60250585762608e-12,1.5737187125286e-09
"CDC42EP3",201.696078837149,-0.365763238755703,0.0589396757532044,-6.20572193656524,5.44463735878135e-10,3.31398051001986e-09,1.07041570473641e-06
"CYP1B1",189.628956362625,-0.44814964234259,0.0761799532380429,-5.88277654808,4.03440442740855e-09,2.12075911879284e-08,7.93163910428521e-06
"RTN4",492.728242154393,0.120347724488858,0.0247018477442823,4.87201304674523,1.10466872131327e-06,4.02927403729477e-06,0.00217177870610188
"MDH1",122.271338058688,0.294336578314173,0.0477213365009737,6.16781925854419,6.9238219807119e-10,4.17553190615939e-09,1.36122340140796e-06
"NAGK",236.313850357964,0.374649804745518,0.0573099341957065,6.53725763261453,6.26570648348467e-11,4.47941052601122e-10,1.23183789465309e-07
"MOB1A",410.171314404931,0.153348500282603,0.0332832451408912,4.60737826595526,4.07777789107121e-06,1.36342029487177e-05,0.008016911333846
"TMSB10",21132.9280638253,0.179678034785248,0.0264087234812316,6.803737973664,1.01938877664416e-11,7.89022966489145e-11,2.00411833488243e-08
"CAPG",606.146617043926,0.385260036251028,0.0556830344122962,6.91880462904429,4.55470487124989e-12,3.71558082028103e-11,8.95454977687728e-09
"VAMP8",1197.61876998091,0.199635319924715,0.0350553916068685,5.69485350965527,1.23477892446925e-08,5.90650940512541e-08,2.42757536550654e-05
"VAMP5",549.249767737932,0.603015558054645,0.0686306426299504,8.78638950397194,1.54443448228547e-18,3.37373132463693e-17,3.03635819217324e-15
"RNF181",426.543645668462,0.238999436247624,0.0506555716856322,4.71812731146046,2.380255298063e-06,8.16680962651285e-06,0.00467958191599186
"GNLY",262.590153205789,-0.608935238655113,0.0500105986745446,-12.1761237576438,4.16616142038478e-34,5.46044890165098e-32,8.19067335247647e-31
"STARD7",113.746223632934,-0.155643797073945,0.0301878493807615,-5.15584250838141,2.52493052327959e-07,1.013063960973e-06,0.000496401340876768
"COX5B",1333.27349450158,0.197070122729653,0.0359674920644325,5.47911770930873,4.27451935125972e-08,1.89272636139113e-07,8.40370504457662e-05
"DBI",698.603407424331,0.240507217949265,0.0329467642952078,7.29987369303661,2.88037993447416e-13,2.91898296452381e-12,5.6628269511762e-10
"RALB",115.208174568554,0.235547900410993,0.0293048002081505,8.03786064869606,9.14205107120007e-16,1.33135351155403e-14,1.79732724059793e-12
"UBXN4",215.002859919348,0.190581842157202,0.0222870266743131,8.5512457512718,1.21767051009978e-17,2.32421380859822e-16,2.39394022285617e-14
"KYNU",136.558225771631,0.235513974214055,0.0526700733046345,4.4714950908058,7.76746433055402e-06,2.48413968079388e-05,0.0152708348738692
"NMI",198.315026287024,0.60016705036876,0.0538678845453302,11.1414631451457,7.88137582067255e-29,5.34302926325594e-27,1.54947848634422e-25
"CD302",429.739507508861,-0.160431710444123,0.036403847957744,-4.40699869503754,1.04812819354966e-05,3.25532389971347e-05,0.0206062002851863
"TANK",148.090692462782,-0.227234863469188,0.0309020267157783,-7.35339677100091,1.93232250018709e-13,1.98897698186797e-12,3.79894603536783e-10
"SSB",259.800133415791,0.590285061713556,0.0508257832852092,11.6138901077268,3.50307719945619e-31,3.13047717005949e-29,6.88704977413088e-28
"SP3",112.78711557299,-0.234584785696841,0.0345751178335115,-6.78478629708306,1.16258470871866e-11,8.79092898977261e-11,2.28564153734088e-08
"CIR1",214.080697338626,0.2347788029297,0.0299623006213988,7.8358069327301,4.65841206784882e-15,6.10562541692719e-14,9.15843812539078e-12
"ZC3H15",301.196051145923,0.149673273282883,0.0247873367829679,6.03829586830516,1.55750295191737e-09,8.77378453716204e-09,3.06205080346955e-06
"STAT1",355.407580440362,0.873288679152284,0.0713984005438442,12.2312078772131,2.11766027493831e-34,3.20255392348363e-32,4.16332010052872e-31
"ANKRD44",110.047323801075,-0.259393675307538,0.0342970034182884,-7.56315856939326,3.93397537923817e-14,4.54952682093073e-13,7.73419559558223e-11
"NDUFB3",274.913177047532,0.261430292920662,0.0509835978152668,5.12773331273961,2.9325144651174e-07,1.16002483670439e-06,0.000576532343842081
"SP110",272.319911309533,0.803542235818365,0.0568974692409754,14.1226357962453,2.75491215748239e-45,1.04608578266087e-42,5.41615730161038e-42
"SP100",234.227021990454,0.468668675886426,0.039673364239759,11.8131820899813,3.33688678229919e-32,3.45279969157906e-30,6.56031941400021e-29
"NCL",515.070947910967,-0.223379087508378,0.0467821678048278,-4.77487679579752,1.79817306945155e-06,6.31287188311026e-06,0.00353520825454175
"EIF4E2",208.331186441947,0.18003613719512,0.0359034449262634,5.01445300206899,5.31845501178036e-07,2.05828396715752e-06,0.00104560825531602
"UBE2F",111.325446364702,0.281842278128491,0.0330556199136168,8.52630441858358,1.5109730893407e-17,2.80242744683378e-16,2.97057309364381e-14
"COPS9",483.683028230468,-0.169310866121812,0.0279922556841922,-6.04848955482446,1.46210099361728e-09,8.30777616604504e-09,2.87449055345158e-06
"PPP1R7",131.100806652365,0.23480102774788,0.0376728074174941,6.23263950429256,4.5864078924399e-10,2.8534423786509e-09,9.01687791653684e-07
"BHLHE40",110.844604386271,0.370043192131916,0.0866621477393947,4.26995178154006,1.95515231806666e-05,5.78889978511907e-05,0.0384382945731906
"ARPC4",503.710826059311,0.176925746600559,0.0290870349404182,6.08263258743882,1.18225057651032e-09,6.796212378419e-09,2.3243046334193e-06
"EMC3",123.740619623731,0.338567841152087,0.0356760565759528,9.49005786083139,2.30906062601334e-21,6.77554207573466e-20,4.53961319074222e-18
"DPH3",92.4363353150719,0.205115052369935,0.0339930593457272,6.03402742553435,1.59922904810723e-09,8.9575051526462e-09,3.14408430857881e-06
"UBE2E1",135.86321582695,0.244032701018559,0.0312903755567406,7.79897002437831,6.24144866716326e-15,8.0200575683941e-14,1.2270688079643e-11
"STT3B",134.75265555399,-0.168572938501647,0.0309154605909608,-5.45270668071285,4.9608860953155e-08,2.18679418461665e-07,9.75310206339027e-05
"CMTM6",516.171186145598,-0.208052864601063,0.036417557459807,-5.71298239401929,1.11013168416343e-08,5.35698032553777e-08,2.1825188910653e-05
"CRTAP",269.791027659786,-0.184560327862624,0.0313996688434261,-5.87777943719504,4.15806428436951e-09,2.1741368040081e-08,8.17475438307046e-06
"ACAA1",145.074313134151,0.22159855674581,0.0349679386316962,6.33719245162896,2.33989649725521e-10,1.54890118303156e-09,4.60023651360374e-07
"EIF1B",242.368620278672,0.174867928172838,0.0328689687201538,5.32015256279143,1.03680271039782e-07,4.37415049064833e-07,0.000203835412864212
"NKTR",176.908177054318,-0.161296083956321,0.0366722003359727,-4.39832032107717,1.09091888577946e-05,3.37755358967311e-05,0.0214474652944243
"TMA7",1693.8336462421,-0.297721328812702,0.0487561043964865,-6.10633955476878,1.01942013224244e-09,5.94712160234016e-09,2.00417997998863e-06
"TREX1",152.066008964111,0.524442190675473,0.0535464380775246,9.79415642766349,1.19288961934702e-22,4.34300183636341e-21,2.34522099163624e-19
"UQCRC1",250.130142422124,0.214138179738274,0.0351178896335799,6.09769499171482,1.07608817758889e-09,6.24067656973377e-09,2.11558935713975e-06
"NDUFAF3",159.999693838379,0.240573659916975,0.0415502873552599,5.78993973880473,7.04116816516046e-09,3.54947092633473e-08,1.38429366127055e-05
"GPX1",3464.20662420865,0.165143907925391,0.0331690620823472,4.97885371360204,6.39619626809541e-07,2.43700036106116e-06,0.00125749218630756
"RHOA",1320.37066328322,0.174586471177743,0.0246891578206682,7.07138220128313,1.53397992232734e-12,1.34634130682837e-11,3.01580452729554e-09
"RBM5",108.330577715009,-0.149166333448005,0.0303699963388545,-4.91163488410321,9.03201218694269e-07,3.36305605294116e-06,0.00177569359595293
"TWF2",174.229334606425,0.213903751576198,0.0382303631792471,5.59512737489016,2.20459854820049e-08,1.01982135194404e-07,4.33424074576217e-05
"UQCC5",112.297846099551,-0.234296669706497,0.047930175015241,-4.88829155395311,1.0171481795209e-06,3.74478149988405e-06,0.00199971332093808
"ARL6IP5",563.726138964974,0.197346760667717,0.0257125528015872,7.67511348214073,1.65272270312088e-14,2.01816946232028e-13,3.24925283433565e-11
"FOXP1",187.801696895883,-0.278048345854279,0.0286130360869772,-9.71754080933861,2.5383781574798e-22,8.91152046000944e-21,4.99045145760529e-19
"CHMP2B",132.070828281353,0.142850737897235,0.0277748657774159,5.14316573271757,2.7014710458534e-07,1.07511985347121e-06,0.000531109207614779
"ATG3",289.397111557284,0.227095329029254,0.0327520833551458,6.9337674360057,4.09778118033563e-12,3.41366008497451e-11,8.05623780053985e-09
"NDUFB4",383.84560125229,0.206094934980775,0.032302309121715,6.38019202293587,1.76866072677289e-10,1.17870745384254e-09,3.4771869888355e-07
"RAB7A",347.139756332352,0.122533675198337,0.0254871338237044,4.8076679020053,1.52701156054125e-06,5.40919770815153e-06,0.0030021047280241
"NUDT16",164.595550375228,0.26663955090477,0.0435415181212676,6.12380005130164,9.136954493407e-10,5.42403066620728e-09,1.79632525340382e-06
"CDV3",200.788015406336,-0.227933056075403,0.0459179994567068,-4.96391521347324,6.9086112617691e-07,2.61701921784934e-06,0.00135823297406381
"ATP1B3",274.611637646899,0.218990792940644,0.0451352623739025,4.85187814189522,1.22297761788125e-06,4.41169540688904e-06,0.00240437399675453
"PLSCR1",400.343512323683,0.59400266057195,0.0752943109749497,7.88907757944121,3.04428241736345e-15,4.12762705692175e-14,5.98505923253654e-12
"GYG1",126.40320896536,0.202623237752994,0.0420012076585483,4.82422408898889,1.40549329147736e-06,5.02399965644452e-06,0.00276319981104448
"MBNL1",514.468294087724,-0.205695351994647,0.0331228180691473,-6.21008005916759,5.2957614319388e-10,3.24344765582296e-09,1.04114669751917e-06
"RAP2B",170.398878977435,-0.334817011769952,0.0446171007967651,-7.5042305705849,6.17904602161454e-14,6.94176177423013e-13,1.21480044784942e-10
"SSR3",295.627360937014,0.153545571730508,0.0260885517250232,5.88555368457779,3.96723581297925e-09,2.09104171804751e-08,7.7995856083172e-06
"TNFSF10",405.645897726309,1.05497107665767,0.0866413809572649,12.1762957261499,4.15738896951413e-34,5.46044890165098e-32,8.17342671406478e-31
"TBL1XR1",88.4790019263425,-0.226006599185269,0.0432737687805894,-5.22271587508794,1.76317819506331e-07,7.20667012784711e-07,0.000346640833149446
"FXR1",128.294287481163,-0.145473079479283,0.0313895290853929,-4.63444606268331,3.5789453132503e-06,1.20689648127789e-05,0.00703620648585009
"EIF4A2",416.93559466151,-0.117851849392621,0.0276636928424729,-4.26016331455501,2.04277585524144e-05,6.01212175359981e-05,0.0401609733140467
"ATP5ME",1174.85396305294,-0.275148625316422,0.0477834003746342,-5.75824707239723,8.49918943474048e-09,4.24096609865477e-08,1.67094064286998e-05
"LRPAP1",213.464252616047,0.331596989916568,0.0480091137473913,6.90695920073273,4.95152261857846e-12,4.00604669470175e-11,9.73469346812524e-09
"MRFAP1",169.178864558538,0.201266259700354,0.0366481470346519,5.49185364024137,3.97736947292105e-08,1.76911954383773e-07,7.81950838376279e-05
"BST1",229.194893370247,0.351378799425162,0.0407422546664928,8.62443186567538,6.44116148070203e-18,1.27912358293537e-16,1.26633234710602e-14
"LAP3",339.539650274434,0.947932666727177,0.0747996834661363,12.6729502425813,8.35133082772227e-37,1.492610582482e-34,1.6418716407302e-33
"DHX15",72.0763661585528,-0.223074112573526,0.0354079178222852,-6.30011947308369,2.97416308101775e-10,1.92678544372596e-09,5.84720461728089e-07
"SMIM14",124.072039525604,0.170257268760658,0.0374509103182807,4.54614500191604,5.46374020216343e-06,1.7754897913146e-05,0.0107417132374533
"PPBP",172.377365942754,0.593816680975326,0.0717022323070232,8.28170423526914,1.21424864566026e-16,2.05199590112466e-15,2.38721283736808e-13
"G3BP2",129.700310013167,-0.184994080631451,0.0260449876460394,-7.10286689882851,1.22195079425085e-12,1.11762142209416e-11,2.40235526149717e-09
"HNRNPD",298.342765634787,-0.188055407354319,0.0342485994651004,-5.49089335889339,3.99905771098739e-08,1.77475111959395e-07,7.8621474598012e-05
"HNRNPDL",652.461185964844,-0.207010763699475,0.0286621251414098,-7.22244992924109,5.10592074803387e-13,4.99414934857443e-12,1.00382401906346e-09
"PLAC8",591.892498272505,1.04687263634251,0.0848047642753495,12.3445026383596,5.21555470939803e-35,8.54481713223044e-33,1.02537805586765e-31
"DNAJB14",105.238041830821,-0.146484819595919,0.0331040119814533,-4.42498690726636,9.64481325182764e-06,3.00502422394503e-05,0.0189617028530931
"PPP3CA",131.139304246429,-0.301765085545578,0.0400533471189326,-7.53407910329018,4.91793087507572e-14,5.58881624300513e-13,9.66865210039887e-11
"AIMP1",255.043631325945,0.223073050716393,0.0352563854387155,6.32716734686685,2.49702509706766e-10,1.63094728931396e-09,4.90915134083503e-07
"ANXA5",753.799182622315,0.22053450095558,0.0242687029849632,9.08719765915066,1.01624528136495e-19,2.49742277895437e-18,1.99793822316349e-16
"HMGB2",735.449384907467,0.250342036345113,0.0571189849739207,4.38281661446564,1.17154725384111e-05,3.58018810686342e-05,0.0230326190105162
"NDUFS6",461.970053281456,0.18857367532204,0.0280700967677896,6.71795601141026,1.84291304229765e-11,1.36209287261548e-10,3.62316704115718e-08
"FYB1",1046.28535272592,0.236669310322595,0.0296840234457609,7.97295254651177,1.54927675155356e-15,2.17562720968164e-14,3.04587809355429e-12
"PARP8",93.1009436422242,-0.241211008784229,0.0419223423687233,-5.75375790462004,8.72811261163562e-09,4.34416946695585e-08,1.71594693944756e-05
"MAP3K1",208.006082792942,-0.2566989130494,0.0441036136987947,-5.82036009118263,5.87209791303485e-09,2.99858298624066e-08,1.15445444970265e-05
"SREK1",157.49426398197,-0.281002315057552,0.039663647102208,-7.08463128298427,1.39414992688771e-12,1.23685673553279e-11,2.74089875626125e-09
"HEXB",218.240604289749,0.31473247368733,0.0385362878938564,8.16717153853071,3.15703842474981e-16,4.88719491579381e-15,6.20673754305814e-13
"MEF2C",436.12818821097,-0.31355223558077,0.0499417358268064,-6.27836078161445,3.42161209357961e-10,2.18405499220049e-09,6.72688937597752e-07
"GLRX",806.922078551389,0.422526364511234,0.0600935352850379,7.03114507254551,2.04845376507684e-12,1.76634215006187e-11,4.02726010214107e-09
"SRP19",118.322163538301,0.241781997836161,0.0342087420594754,7.06784240752841,1.57361104483619e-12,1.37498636184353e-11,3.09371931414794e-09
"REEP5",358.873814465429,0.309955116091015,0.0362842783290446,8.54240818241393,1.31453140765017e-17,2.48496994946176e-16,2.58436874744023e-14
"SNX2",306.130350506676,0.337633442402071,0.0419480726739595,8.04884279252397,8.35805232794783e-16,1.22626349826459e-14,1.64319308767454e-12
"CDC42SE2",175.598581033413,-0.320420794220343,0.0397815752797551,-8.05450241643412,7.98027803785582e-16,1.17964109943042e-14,1.56892266224245e-12
"IRF1",448.171991828354,0.482875784511518,0.087556597500109,5.51501312634855,3.48753928072391e-08,1.56184560954515e-07,6.8565022259032e-05
"MACROH2A1",734.54780060757,0.126463309381157,0.0256916253645998,4.92235534289743,8.55087677067035e-07,3.20209975831198e-06,0.00168110237311379
"HSPA9",112.320938106271,-0.123921878853035,0.0255401970102727,-4.85203300519534,1.2220227952688e-06,4.41169540688904e-06,0.00240249681549845
"CTNNA1",111.473819547261,0.174267988647942,0.0245358907034836,7.10257437783581,1.22454087968556e-12,1.11762142209416e-11,2.40744736946182e-09
"MATR3-ENSG00000015479",252.412211158437,-0.1766340947373,0.0299944189228229,-5.88889870451526,3.88777637337253e-09,2.05891147601198e-08,7.6433683500504e-06
"IK",206.858030184663,0.163098670635211,0.0299873772954124,5.43891081332286,5.36072801285838e-08,2.35776091124823e-07,0.000105391912732796
"ZMAT2",222.760145739598,0.117830149316405,0.0234652027193694,5.02148439651628,5.12736698056321e-07,1.98824526307441e-06,0.00100804034837873
"NDFIP1",230.704033405622,0.16222408029942,0.0315403896544993,5.14337590868279,2.69844917294318e-07,1.07511985347121e-06,0.000530515107400629
"ATOX1",419.755447203496,0.22033528838121,0.036982199843687,5.95787403974084,2.55540349261118e-09,1.39942152269459e-08,5.02392326647357e-06
"RNF145",127.784378153076,-0.410771983731863,0.047968072055612,-8.56344576983691,1.09543405056359e-17,2.13230034000795e-16,2.15362334340802e-14
"NPM1",909.180398921929,-0.158177414841092,0.0314248179703842,-5.03351888912017,4.81557341744424e-07,1.87473610667235e-06,0.000946741733869538
"ATP6V0E1",1062.05870095912,0.286789302782403,0.043696835478034,6.56315954336256,5.26794299302947e-11,3.77984522784523e-10,1.03567759242959e-07
"CPEB4",97.7817516221727,-0.364105014285247,0.0516242742443957,-7.0529807849991,1.75125042430156e-12,1.5234328912287e-11,3.44295833417687e-09
"RNF44",94.030422264325,-0.233861640442139,0.0381973448484347,-6.12245802345925,9.21426961022714e-10,5.44001623234431e-09,1.81152540537066e-06
"LMAN2",198.755871326485,0.319269237595778,0.0427322191011789,7.47139381738708,7.93497845883891e-14,8.6667598055985e-13,1.56001676500773e-10
"HNRNPAB",105.323553522873,-0.16816454060154,0.036935828358971,-4.55288396315867,5.29154628628453e-06,1.72613265293545e-05,0.0104031799988354
"HNRNPH1",463.752403583809,-0.454708573148925,0.0552308710357341,-8.23286985379483,1.82780744512189e-16,2.9215198675688e-15,3.59346943710963e-13
"CANX",316.046950514872,-0.145971407352603,0.0330338200613927,-4.41884732317721,9.92287128937391e-06,3.08676660678942e-05,0.0195083649549091
"SERPINB1",708.997111581626,0.161118276234731,0.0300841745953915,5.35558240841389,8.52812662697039e-08,3.6448471627443e-07,0.000167662969486238
"TMEM170B",146.183784302641,-0.30016401657308,0.054132346842935,-5.54500283248397,2.93949412271569e-08,1.33157729153434e-07,5.77904544525905e-05
"DEK",434.973171441103,0.144387112091397,0.0288883714089363,4.99810494844068,5.78964740834634e-07,2.22313414156424e-06,0.00113824468048089
"RIPOR2",329.100632245776,0.236967847400937,0.0533784009658357,4.43939576894792,9.0211791215608e-06,2.84224970400457e-05,0.0177356381529885
"ZSCAN16-AS1",132.92526627238,-0.307880891254486,0.0413044148110798,-7.45394633146812,9.05888602532448e-14,9.78558787131205e-13,1.78097699257879e-10
"HLA-F",276.086514159108,0.407506380631481,0.0440022638110281,9.26103216828925,2.02465404086161e-20,5.23746032149201e-19,3.98046984433393e-17
"HLA-A",3688.6632752647,0.501663188014927,0.0523214763415218,9.58809313293043,8.97279389742225e-22,2.84524400037615e-20,1.76405128023321e-18
"HLA-E",1419.9875951333,0.304272974036616,0.032786391602189,9.28046543604089,1.68739828634362e-20,4.42323337460207e-19,3.31742503095155e-17
"PPP1R18",228.957662664785,0.140641326865325,0.0253468154760128,5.54867837336102,2.87837125217051e-08,1.30690020364139e-07,5.65887788176722e-05
"HLA-C",3467.96457030175,0.544972851306005,0.0522235736801087,10.4353802871514,1.70927959209905e-25,8.19620409284567e-24,3.36044367806672e-22
"HLA-B",6441.50133688874,0.326859771164148,0.046138073422092,7.0843827433774,1.39665409607466e-12,1.23685673553279e-11,2.74582195288279e-09
"LTB",235.459952164911,-0.472153271308254,0.0494635604376064,-9.54547685470056,1.35482863245745e-21,4.22792554192278e-20,2.66359309141135e-18
"AIF1",5303.85467943697,0.212433242549306,0.0329688271721201,6.44345767716448,1.16781846487275e-10,7.97198299284663e-10,2.29593110193983e-07
"CSNK2B",325.248987543553,0.193263933281041,0.0328202492507495,5.88855775605138,3.89580401361371e-09,2.05891147601198e-08,7.65915069076456e-06
"CLIC1",1334.39351870378,0.278625894824059,0.0450537133092621,6.18430478552319,6.23767494687913e-10,3.77331352171211e-09,1.22632689455644e-06
"LSM2",109.338238369234,0.19376094891623,0.0335733269478873,5.77127638309383,7.86733119385936e-09,3.94570743038967e-08,1.54671731271275e-05
"NELFE",111.01895073123,0.117745124587396,0.0273685637858122,4.30220326900874,1.6910806114373e-05,5.06037211885197e-05,0.0332466448208574
"GPSM3",718.700896337179,0.138259554407567,0.0282963855852927,4.88612066692464,1.0284218252903e-06,3.77920992246865e-06,0.00202187730852073
"PSMB8",420.510543120943,0.400185675725279,0.0430576046203372,9.29419272748538,1.48327483042064e-20,3.94070042784728e-19,2.91611831660699e-17
"PSMB9",708.918733779126,0.624015648761742,0.0657144399771486,9.49586801589933,2.18384271197182e-21,6.50520419960091e-20,4.2934347717366e-18
"BRD2",151.471898289766,-0.22493695516988,0.0309914239408938,-7.25803872706446,3.92743121962947e-13,3.88006521497062e-12,7.72132977779153e-10
"TAPBP",306.06321199645,0.162804836807432,0.0309127862373609,5.26658566320586,1.38984407951208e-07,5.80134492637101e-07,0.000273243346032075
"NUDT3",141.278830415584,-0.232515649050907,0.0292477356028884,-7.94986840034017,1.86709747329104e-15,2.60334300176608e-14,3.67071363249018e-12
"CNPY3",564.52514073003,0.161627021927414,0.0274932286803135,5.87879378616405,4.13266817024382e-09,2.16662016605316e-08,8.12482562269936e-06
"ELOVL5",135.784553244737,-0.179272459538715,0.0342814459413706,-5.22943109941491,1.70032455029331e-07,6.99338507505574e-07,0.000334283806587664
"SMAP1",111.631654881132,0.146426355400435,0.03388519441203,4.32124879143234,1.55148617847201e-05,4.66394774751677e-05,0.0305022182687597
"OGFRL1",312.096765306048,-0.210053628448799,0.042347181544847,-4.9602741147329,7.03937747635131e-07,2.65631787303391e-06,0.00138394161185067
"EEF1A1",12627.3052261628,-0.240821226124937,0.0382708441143596,-6.29255067918868,3.12291320059262e-10,2.00638070277788e-09,6.13964735236509e-07
"SYNCRIP",160.242996239129,-0.150557388035749,0.0257478217696332,-5.84738349452596,4.99365350223326e-09,2.58355862773436e-08,9.81752278539058e-06
"UBE2J1",181.546719670623,0.267819978640418,0.0481114293747772,5.56666019116083,2.59668067597675e-08,1.18447197423905e-07,5.10507420897029e-05
"SEC63",110.237111799292,-0.120339887012446,0.027775340568775,-4.33261607412052,1.47347932584625e-05,4.44986229587361e-05,0.0289686035461372
"CD164",333.326426495191,0.211382263285255,0.0354927805652038,5.95564111684417,2.59054252926984e-09,1.41472405904014e-08,5.0930066125445e-06
"CDC40",165.086816592665,0.236828729038119,0.0296616917369183,7.98432979273906,1.41287822811337e-15,1.99835870249704e-14,2.77771859647089e-12
"CALHM6",380.229962780491,0.392511555148573,0.0760581188394377,5.16067924289823,2.46055448837376e-07,9.9128076314402e-07,0.000483745012414282
"RWDD1",286.832744066372,0.179171044039985,0.0263844692601345,6.79077688747382,1.11531297287149e-11,8.49885777002073e-11,2.19270530466535e-08
"STX7",140.561507861352,0.201360968072328,0.0391879441883909,5.13833966651354,2.77176540109086e-07,1.10086682394841e-06,0.000544929077854464
"SGK1",317.406736643065,-0.58089133291312,0.11036880782723,-5.26318390448177,1.41581828262074e-07,5.89724310091605e-07,0.000278349874363238
"TNFAIP3",406.528212772926,0.504180060369466,0.112939783054022,4.46414936115386,8.03874752126212e-06,2.56561325110411e-05,0.0158041776268013
"STX11",283.604899689846,0.255929980483296,0.0536327884751895,4.77189398052068,1.82501568690057e-06,6.38430754527849e-06,0.00358798084044651
"PCMT1",199.236893775628,0.405759352450333,0.0544614958679973,7.45038941702602,9.30651192135584e-14,9.83688303085246e-13,1.82966024373856e-10
"DYNLT1",349.910869299256,0.337440049667584,0.0634338825487261,5.31955535605727,1.04021161051188e-07,4.37913495988512e-07,0.000204505602626635
"EZR",195.507170589699,0.302610117444163,0.0391365361806461,7.7321640333058,1.05733579047981e-14,1.33251420774571e-13,2.07872216408331e-11
"MPC1",153.548974101306,0.152233371907472,0.0338797854325413,4.4933393161709,7.01149306603303e-06,2.25238486402303e-05,0.0137845953678209
"PSMB1",527.217738969303,0.173023662406953,0.0402928759292286,4.29415022920815,1.75363705722088e-05,5.23959035637729e-05,0.0344765045449625
"RAC1",1304.49914782607,0.242729215142515,0.0391096868375386,6.20637071707608,5.42221869280175e-10,3.31058445653672e-09,1.06600819500482e-06
"RPA3",88.2136664830401,0.180059418467756,0.0424654434083713,4.24013984114575,2.23380579971125e-05,6.54495112106156e-05,0.0439166220223231
"ARL4A",346.431805137455,0.69228430521991,0.0782111859433766,8.85147433669027,8.63706357995571e-19,1.92959852252192e-17,1.69804669981929e-15
"TRA2A",201.65788877977,-0.141869600544434,0.0332053537222893,-4.27249177138575,1.93300688929983e-05,5.73196311367037e-05,0.0380029154436346
"MPLKIP",133.320303714442,0.327893123598942,0.0524046323125352,6.25694922623299,3.92581152081853e-10,2.47376456728501e-09,7.71814544992923e-07
"BLVRA",351.249994158064,0.785055103145383,0.0616327903412367,12.7376206528836,3.65368420227185e-37,7.18314314166645e-35,7.18314314166645e-34
"UPP1",262.942937095746,0.246044248526994,0.0495326914899034,4.96731029803109,6.78879141862791e-07,2.58157909652272e-06,0.00133467639290225
"SBDS",174.770337129963,0.734869919859738,0.0719644534568263,10.2115681362134,1.75997142475485e-24,8.23834243111437e-23,3.46010382106804e-21
"LAT2",168.757700116075,0.247607174155582,0.0320960026139203,7.71457982272822,1.2138144831618e-14,1.51997405980643e-13,2.3863592738961e-11
"NCF1",1053.46195888466,0.22132193446994,0.0511006972032646,4.33109422342285,1.48370169598988e-05,4.47386124895109e-05,0.0291695753431611
"MDH2",225.94858027931,0.210974895041083,0.0371843689744082,5.67375219373185,1.39703181496168e-08,6.65027735645196e-08,2.74656454821466e-05
"FGL2",1105.76185987245,0.210094123093738,0.0370602629399762,5.66898630573701,1.43644845958012e-08,6.8213953418708e-08,2.82405767153451e-05
"SRI",217.450921551366,0.248283895997093,0.0542446431037756,4.57711364276286,4.71435385279797e-06,1.55771759236988e-05,0.00926841967460081
"BUD31",247.463404444115,0.191113912665453,0.0276690568754494,6.90713505435841,4.94539089114503e-12,4.00604669470175e-11,9.72263849199113e-09
"COPS6",153.230855221294,0.188485923484353,0.0408994713976738,4.60851734859031,4.05550540664728e-06,1.35828341217522e-05,0.00797312362946855
"PILRA",317.37513071018,0.228880176138689,0.0385805226844945,5.93253175988401,2.98298662802997e-09,1.60672649608409e-08,5.86455171070693e-06
"KMT2E-AS1",146.948312261977,-0.530046804692073,0.0646746332326347,-8.19559042237619,2.49366083893394e-16,3.95365903979365e-15,4.90253720934413e-13
"NAMPT",953.955445385382,-0.413140094441505,0.0663302725793554,-6.22853002672705,4.70831859578537e-10,2.91086615072768e-09,9.25655435931403e-07
"ARF5",250.27685766612,-0.403526142326356,0.0643221989212759,-6.27351286326875,3.52991750009484e-10,2.2458957298338e-09,6.93981780518646e-07
"SSBP1",306.690525476437,0.147774605873211,0.0331433161377835,4.45865480867642,8.24756192690419e-06,2.61950028243839e-05,0.0162147067482936
"GSTK1",570.732354326022,0.309019392714802,0.0309092215415326,9.99764398141098,1.56065829322823e-23,6.52820043507808e-22,3.0682542044867e-20
"PDIA4",87.2502670662275,-0.161289132239756,0.0353682883460934,-4.56027531390479,5.10865979611959e-06,1.67673207999518e-05,0.0100436251591711
"GIMAP4",310.453665619399,0.639530772183945,0.074933913739454,8.5345972239966,1.40644523529009e-17,2.63340126912411e-16,2.76507133258032e-14
"GIMAP2",144.465737727185,0.347980138720077,0.0368350026424573,9.44699643699722,3.48692647832008e-21,9.9352137048946e-20,6.85529745637727e-18
"RHEB",168.022462950644,0.181398622961286,0.0425184487275928,4.26635092271288,1.98696158981701e-05,5.87423531666201e-05,0.0390636648558024
"KMT2C",157.181735568724,-0.235536902320049,0.032429780855517,-7.2629816207956,3.78649401353572e-13,3.75972082354102e-12,7.44424723061123e-10
"CSF2RA-ENSG00000198223",137.56014160518,-0.259170043652888,0.0433681904885598,-5.97604005915937,2.28626803327116e-09,1.25553155123215e-08,4.4948029534111e-06
"CD99-ENSG00000002586",472.678825068421,0.20333919291684,0.042982337196975,4.73076166112136,2.23679010902175e-06,7.70145245943389e-06,0.00439752935433675
"EIF2S3",327.803523930643,-0.31705396627702,0.0401141216392,-7.90379929364302,2.70528496534682e-15,3.69346544574434e-14,5.31859024187185e-12
"DDX3X",383.557837280327,-0.323539960156308,0.0442440900308385,-7.31261418035264,2.61994481494381e-13,2.68271432613517e-12,5.15081150617954e-10
"NDUFB11",711.55062155625,0.122629100485269,0.0279071427391822,4.39418329677639,1.11189971149461e-05,3.43170303422041e-05,0.021859948327984
"TIMP1",1045.80903264636,0.494181642290228,0.0519394678482607,9.51456883874826,1.82467980775606e-21,5.51895461853602e-20,3.58732050204841e-18
"CFP",777.631288701654,0.221984989431375,0.0409167584600186,5.42528288618673,5.786282520537e-08,2.52796254119461e-07,0.000113758314353757
"RBM3",770.889467248657,-0.205341728115195,0.0340200372375778,-6.03590544834499,1.58073795302875e-09,8.87923090187007e-09,3.10773081565453e-06
"WAS",310.458797517903,0.202269639340388,0.0255554155510398,7.91494229222808,2.47367802822653e-15,3.40087482761774e-14,4.86325100349337e-12
"MSN",537.0426107342,0.108399234969014,0.0178871178971288,6.06018451896123,1.35965482031418e-09,7.77058539749323e-09,2.67308137673767e-06
"NONO",227.036938300215,-0.23313437675848,0.0314836188005747,-7.4049421775563,1.31207626530485e-13,1.37943419122424e-12,2.57954193758934e-10
"CYSLTR1",100.828194084494,0.423270885276813,0.0573562632220429,7.37968029120389,1.58670083475688e-13,1.65050467784763e-12,3.11945384113203e-10
"SH3BGRL",758.191109583941,0.115616906427877,0.0274157485994534,4.21717123676069,2.47386116362259e-05,7.216040130092e-05,0.0486361104768201
"UBE2A",127.432638852485,0.191918784555781,0.0330573601841865,5.80562947211946,6.4124630156371e-09,3.24920162080993e-08,1.26069022887425e-05
"LAMP2",222.322234553443,0.209293904135848,0.0327943432537262,6.38201236464975,1.74775847913465e-10,1.16873917346215e-09,3.43609316997872e-07
"MCTS1",139.386112342448,0.2889658757226,0.0342941067646636,8.42610882696466,3.57349849799024e-17,6.386816406408e-16,7.02549804704881e-14
"RBMX",247.369655622131,-0.189467894099407,0.0384508492229223,-4.92753470803597,8.32736344654746e-07,3.12435048395273e-06,0.00163715965359123
"IDH3G",209.30616228344,0.274356611995744,0.0346440668991817,7.91929575687964,2.38859573651653e-15,3.30702761830388e-14,4.6959792179915e-12
"SSR4",843.545667012934,0.145977986140014,0.0229917491604162,6.34914660565877,2.16512625933798e-10,1.43805345468191e-09,4.25663822585847e-07
"ARHGAP4",134.485873943127,-0.133731845159602,0.0277905842026503,-4.81212788419352,1.49331743680288e-06,5.3089730212558e-06,0.00293586208075446
"ATP6AP1",149.581688192238,0.149973925824406,0.0277532452041328,5.40383384794488,6.52313727414869e-08,2.83101277725747e-07,0.000128244878809763
"CTSB",526.382332778886,0.207556010748075,0.0298776562787952,6.94686386413053,3.7349579691971e-12,3.12464994359213e-11,7.3429273674415e-09
"CNOT7",131.491324170714,-0.15197510683967,0.0279541021390804,-5.43659410284568,5.43086625373986e-08,2.38327746760102e-07,0.000106770830548526
"DOK2",262.732117379007,0.207133806789262,0.0477372402255958,4.33904025055477,1.43106313138603e-05,4.32841556354604e-05,0.0281347011630493
"TCEA1",198.922788098413,-0.144710337544672,0.0291396774729013,-4.96609263020317,6.83153339354452e-07,2.59281750032983e-06,0.00134307946517085
"RAB2A",251.048014432291,0.203053964536129,0.0324517451190391,6.25710462692497,3.92190315925962e-10,2.47376456728501e-09,7.71046161110442e-07
"LY96",612.029484268952,0.29129500247847,0.0570760110414988,5.10363280760239,3.33194488240218e-07,1.31012072776054e-06,0.000655060363880268
"DECR1",166.938614724457,0.450289032474303,0.038849034528791,11.5907393307443,4.59152007634136e-31,3.76122019586963e-29,9.02692847008712e-28
"MTDH",495.507019504906,0.144754462269449,0.0264374650412307,5.47535333072578,4.3663948916941e-08,1.9290634510271e-07,8.5843323570706e-05
"PABPC1",2394.96339833273,-0.213171589479246,0.0385686967104953,-5.52706229819887,3.25637353927185e-08,1.46835559133221e-07,6.40203037820845e-05
"ENY2",529.566601306665,0.138378172064006,0.0324618262186607,4.26279689663484,2.01883999762434e-05,5.95951867166583e-05,0.0396903943532945
"FAM91A1",115.342972367365,-0.206329487915448,0.0449905425599645,-4.58606356303543,4.51681140517822e-06,1.49747912691069e-05,0.00888005122258037
"NDUFB9",528.913375291527,0.169420001890359,0.0284959629195289,5.94540364783571,2.75776429152536e-09,1.50187384962295e-08,5.42176459713886e-06
"LY6E",1391.90245603981,1.73261514103561,0.127900041973352,13.5466346554961,8.29466233517962e-42,2.03841326887039e-39,1.63073061509631e-38
"GRINA",249.516657748926,0.180221551417689,0.0360046443108137,5.00550845224046,5.57147679395405e-07,2.14354664910248e-06,0.00109535233769137
"VPS28",396.023460728632,0.164902349569489,0.0286767472745194,5.75038542519822,8.90402281878161e-09,4.42053254083956e-08,1.75053088617246e-05
"BAG1",171.601500699209,0.218919015972504,0.0314990042427918,6.95002973062556,3.65209238292726e-12,3.06838189095513e-11,7.180013624835e-09
"CHMP5",208.111267785599,0.744708435239691,0.0657498335962834,11.3263926995214,9.71228289481887e-30,7.3439800658515e-28,1.90943481712139e-26
"DCTN3",212.453190222537,0.221968469558668,0.0329600036410734,6.73447952178197,1.64517771017058e-11,1.23451121305166e-10,3.23441937819535e-08
"GLIPR2",413.454013459251,0.230767278966362,0.0388276391540315,5.94337652235035,2.79210091051883e-09,1.51637303593371e-08,5.48927039008002e-06
"CLTA",418.002301659024,0.321358077195113,0.0277125702152065,11.5961123309586,4.31226316089758e-31,3.68604755405419e-29,8.47790937432464e-28
"TLE4",323.463103367133,-0.342623545522189,0.041374524716987,-8.28102673966231,1.22117762172729e-16,2.05199590112466e-15,2.40083520431585e-13
"ERP44",192.746654109804,0.376711276187314,0.0380681533263999,9.89570660171917,4.3453086046034e-23,1.70857534333006e-21,8.54287671665029e-20
"SLC31A2",200.901843127577,0.410627992606226,0.0524645961008072,7.82676362965289,5.00588977890093e-15,6.47472322718371e-14,9.84157930531923e-12
"RAB14",100.667919971426,0.184403808520556,0.033932275456359,5.43446633155272,5.49606729868923e-08,2.40651855439266e-07,0.00010805268309223
"PSMB7",281.225357583359,0.215250422311632,0.0323189355101141,6.66019529771548,2.73463955887454e-11,1.99862504563099e-10,5.37630137274735e-08
"SET",527.923815892776,-0.239105289538019,0.0331553447491303,-7.21166651552584,5.52712035708053e-13,5.32662677550016e-12,1.08663186220203e-09
"NUP214",568.71151325547,0.203599117393112,0.0334023262013205,6.09535743606571,1.09193188748187e-09,6.31393556114517e-09,2.14673809078936e-06
"FCN1",4140.70405025658,0.378017542104968,0.05344923391356,7.07245949897637,1.52211417768144e-12,1.34191770104112e-11,2.99247647332171e-09
"EDF1",989.907149203421,0.112646100631811,0.0218869541140518,5.1467234794215,2.65075625363803e-07,1.05922495826268e-06,0.000521138679465237
"ATP5F1C",462.869432665471,0.25708874538517,0.0433835363044355,5.92595180764195,3.10493643263967e-09,1.6587785398287e-08,6.1043050265696e-06
"RSU1",106.806436742035,0.18128610173873,0.032123681550592,5.64337874702251,1.66744972836022e-08,7.85483105235694e-08,3.27820616595619e-05
"VIM",4177.97052760118,0.176801010400109,0.0398880050749535,4.43243551709046,9.31745728966752e-06,2.90763825896609e-05,0.0183181210314863
"APBB1IP",163.411973476888,0.356581914375222,0.0378173273946516,9.42906172755222,4.13773609711241e-21,1.15089176643982e-19,8.134789166923e-18
"CCNY",196.872654447355,-0.179823030986927,0.0319524008012388,-5.62784099090153,1.82479183138033e-08,8.50128137557755e-08,3.58754074049373e-05
"UBE2D1",319.963992868333,0.247842993593557,0.0439227718777868,5.64269928781292,1.67404588552266e-08,7.85483105235694e-08,3.29117421093756e-05
"HNRNPH3",194.176659451432,-0.174870378576218,0.0231144944773057,-7.56539922376021,3.86675193574498e-14,4.49824515128676e-13,7.60203430567462e-11
"EIF4EBP2",183.967128947405,-0.215478032716945,0.0351892461921015,-6.12340575699264,9.15960417691158e-10,5.42403066620728e-09,1.80077818118082e-06
"VSIR",947.355096896904,0.287885612821836,0.036525551066677,7.88175960155411,3.22802622250206e-15,4.31721058057078e-14,6.34629955343905e-12
"PSAP",3535.90821116144,0.162479929048184,0.0284055747836737,5.72000145343198,1.06523141970296e-08,5.19340583958218e-08,2.09424497113601e-05
"DDIT4",236.233781537147,0.665135702787206,0.108648183809123,6.12192196379226,9.24533036289052e-10,5.44201182438406e-09,1.81763194934428e-06
"GHITM",318.628184997707,0.133650820641188,0.0290721507827275,4.59721131883345,4.28183286236878e-06,1.42197354855017e-05,0.00841808340741703
"PCGF5",144.032401463303,0.1957320748276,0.0384909412386051,5.08514649237227,3.67342428618498e-07,1.43863588578479e-06,0.000722195214663967
"TM9SF3",120.273968198278,-0.17266735494514,0.0372922047667149,-4.63011924409613,3.65455212698028e-06,1.23028244548685e-05,0.00718484948164323
"PIK3AP1",154.878559607258,0.207621979523149,0.0396271365684994,5.23938890119538,1.61109201827101e-07,6.65421619311092e-07,0.00031674069079208
"OGA",180.534824050756,-0.156152155651853,0.0304723271478351,-5.12439220326981,2.98499064152796e-07,1.17841196812128e-06,0.000586849160124396
"FBXL15",110.696062786864,0.187790981603141,0.042228446267915,4.44702560003549,8.70674651068799e-06,2.75643536876209e-05,0.0171174636400126
"GSTO1",628.319092339023,0.343931962527586,0.0416156452366833,8.2644870834399,1.40296652462359e-16,2.3178421742941e-15,2.75823218740998e-13
"PDCD4",112.199823897781,-0.154501889182176,0.0339175656531249,-4.55521751655962,5.23313980970019e-06,1.71187235705001e-05,0.0102883528658706
"SHOC2",265.82307720965,-0.140956963545238,0.032842585684003,-4.29189604318807,1.77153888681856e-05,5.28504620862714e-05,0.0348284545148529
"RGS10",388.225233674886,0.30356121142551,0.0285577655660603,10.6297255898157,2.16749287464523e-26,1.18369194209792e-24,4.26129099155252e-23
"PTPRE",511.586506504823,-0.255997516526034,0.0522849267830868,-4.89620110951068,9.77070743045411e-07,3.60397951374724e-06,0.00192092108082728
"ECHS1",116.168767177492,0.184285415979543,0.0385303322426,4.78286599812376,1.72813336501861e-06,6.09965923810877e-06,0.00339751019562659
"PSMD13",134.37668029936,0.244209970412586,0.0339036605918187,7.20305613463803,5.88777186819273e-13,5.61910654993539e-12,1.15753594928669e-09
"IFITM2",1103.12757574957,0.691858062113678,0.071670253234726,9.6533503216151,4.75754635735873e-22,1.55888935642788e-20,9.35333613856727e-19
"IFITM3",2217.1356859708,2.06783062236427,0.146527409706515,14.112244436082,3.19253036417357e-45,1.04608578266087e-42,6.27651469596525e-42
"RNH1",410.581353398463,0.295452774592238,0.0388132637182535,7.61216002696752,2.69552515779839e-14,3.25116715351634e-13,5.29940246023164e-11
"TALDO1",956.440176018403,0.275801023516718,0.0388951374982217,7.09088696573774,1.3325515430621e-12,1.20174143745876e-11,2.61979633366009e-09
"CTSD",994.297483083391,0.413024507457107,0.0408263505980092,10.1166158965295,4.66258581082024e-24,2.08332811456195e-22,9.16664370407259e-21
"RHOG",549.864583483221,0.301418148074922,0.0295777766828363,10.1906965931564,2.1819509184727e-24,9.97608257143565e-23,4.28971550571733e-21
"TRIM22",214.936628227768,0.719641641230063,0.0667664407097613,10.7784934104605,4.34951105251609e-27,2.44318249407046e-25,8.55113872924662e-24
"TPP1",357.495208972105,0.116241160779846,0.0252037492206758,4.61205829982184,3.98701126100753e-06,1.33762186674758e-05,0.00783846413914079
"EIF4G2",493.237394263616,-0.177806509205913,0.0322796058656771,-5.50832342705195,3.62267363501499e-08,1.61867644691806e-07,7.12217636643947e-05
"LDHA",394.424600651885,0.375700032753447,0.0427661431653295,8.78498749118033,1.56381937982143e-18,3.37853725354827e-17,3.07446890072892e-15
"LMO2",121.183840693087,0.311760020833447,0.0432660828848234,7.20564470010767,5.77698586411183e-13,5.54027034577749e-12,1.13575542088438e-09
"CD44",989.421534941451,-0.285506890880966,0.0380493753847119,-7.50358942805882,6.20935866080121e-14,6.94176177423013e-13,1.22075991271352e-10
"COMMD9",137.314337063446,0.266521736062999,0.0374508781763641,7.11656839681813,1.10647280364673e-12,1.02581861219909e-11,2.17532553196948e-09
"TTC17",82.8556005054099,-0.142254462474013,0.0290184162324818,-4.90221317849802,9.4762917737632e-07,3.50195293744708e-06,0.00186303896272185
"PSMC3",123.502552692555,0.177230252429624,0.0338636076590738,5.23364947450115,1.66195489326769e-07,6.8499021387092e-07,0.000326740332016429
"NDUFS3",145.857144327878,0.241349927028098,0.0425336876457347,5.67432405669394,1.39237337975069e-08,6.64418947715985e-08,2.73740606458986e-05
"UBE2L6",322.025081725585,0.95937456916588,0.0703563054861225,13.6359429696762,2.44805883298187e-42,6.87554809377478e-40,4.81288366564235e-39
"FAM111A",96.9130727109748,0.146595000483887,0.0315233261992876,4.65036587691052,3.31346673870542e-06,1.12121783275299e-05,0.00651427560829486
"MPEG1",550.190978999791,0.142475823387189,0.031863789449589,4.47140236137315,7.77083369119145e-06,2.48413968079388e-05,0.0152774590368824
"MS4A6A",1753.02768561071,0.259333592984291,0.0463836749655137,5.59105317069219,2.25696448791881e-08,1.04159440921323e-07,4.43719218324838e-05
"MS4A7",369.204007189491,0.195664596370503,0.0456667196170726,4.28462122988474,1.8305077487183e-05,5.44444513461449e-05,0.0359877823398018
"UBXN1",447.996269650345,0.157942490248888,0.0260873517955753,6.05437038939603,1.40967921411951e-09,8.0331285071274e-09,2.77142933495895e-06
"TMEM179B",176.329402289623,0.218476621663389,0.0472034151994182,4.62840709174115,3.6848911334844e-06,1.23837537921886e-05,0.00724449596843033
"WDR74",449.493040872708,-0.597885630020348,0.0802438271107118,-7.45086135031234,9.2732779194595e-14,9.83688303085246e-13,1.82312643896574e-10
"PLAAT4",248.183036167468,0.503157570195561,0.0520141052165699,9.67348314655373,3.90844338655504e-22,1.30237283016393e-20,7.68399969796722e-19
"COX8A",1095.19079212828,0.0974778781285093,0.0221662839055452,4.39757419619279,1.09467468913588e-05,3.38385289125964e-05,0.0215213043884113
"OTUB1",130.31878783205,0.134971127132124,0.0294445746231808,4.58390480621395,4.56372068955073e-06,1.5104839858008e-05,0.00897227487565674
"FERMT3",214.244124290052,0.246019234265266,0.0298529815402541,8.2410272465928,1.70738338243822e-16,2.75140633596191e-15,3.35671572987353e-13
"PRDX5",532.654336462773,0.176360063066393,0.0337309714122889,5.22843119193839,1.70954434162167e-07,7.00200869922543e-07,0.00033609641756282
"RNASEH2C",243.896887183251,0.208112494224668,0.0330754806321674,6.29204746981876,3.13305633648428e-10,2.00638070277788e-09,6.1595887575281e-07
"CFL1",2751.54505793243,0.131419190553838,0.0279075022773289,4.70909898162398,2.48814227963461e-06,8.50728299436808e-06,0.00489168772176165
"FIBP",158.492755789107,0.249408023441818,0.0334679026966364,7.45215574762874,9.18272276359762e-14,9.83688303085246e-13,1.80532329532329e-10
"CCDC85B",300.133494774423,0.184111532012369,0.0412769400503371,4.46039681691147,8.18080387206478e-06,2.60250168486721e-05,0.0160834604124794
"DRAP1",504.384977459695,0.37665652729096,0.0451899222567482,8.33496736619666,7.75195708131824e-17,1.3368725984098e-15,1.52403476218717e-13
"SF3B2",249.254820579468,0.178691272000162,0.0236068256938783,7.56947479162774,3.74736168463471e-14,4.39654585517085e-13,7.36731307199185e-11
"POLD4",306.434571572111,0.151647729963947,0.0322830200912653,4.69744557774439,2.63435345145154e-06,8.97597727132362e-06,0.00517913888555373
"ANAPC15",144.475336245907,-0.174895907832877,0.0358837058789913,-4.87396447910561,1.09380665331977e-06,3.99707040971499e-06,0.00215042388042667
"PAK1",177.975225112095,0.217995786206772,0.0327544998130713,6.65544543347832,2.82443331345452e-11,2.05660588675984e-10,5.55283589425158e-08
"PRCP",160.2844522071,0.213320558006399,0.032800715720076,6.50353363709788,7.84548686208956e-11,5.48904881525554e-10,1.54242271708681e-07
"PCF11",88.0491573414385,-0.264906015089547,0.0378906537711502,-6.99132869782376,2.72294959810146e-12,2.32752996081195e-11,5.35331890986748e-09
"CTSC",266.087498853658,0.246898000123331,0.0284737539613794,8.67107303301886,4.28067025798498e-18,8.76645596583173e-17,8.41579772719846e-15
"SLC36A4",107.748358894949,-0.277210523019467,0.0411665119873414,-6.73388416061842,1.65192712446609e-11,1.23486263372636e-10,3.24768872670033e-08
"TAF1D",154.356995123888,0.193280454608744,0.0390947937695054,4.94389242077308,7.65779723784507e-07,2.88414355739529e-06,0.00150552293696034
"CWC15",227.815767141268,0.135591369835312,0.0274949469328446,4.93150141975137,8.15999747329108e-07,3.0674101400555e-06,0.00160425550324903
"BIRC2",163.820797292242,-0.408132150753631,0.0412239306886331,-9.9003696138604,4.14739391661562e-23,1.6640360081768e-21,8.1537764400663e-20
"TMEM123",517.794284544951,0.486991528854291,0.0565459890584073,8.6123089712211,7.16035496292677e-18,1.4077257857114e-16,1.4077257857114e-14
"CASP1",483.067535848884,0.292490643835535,0.0424094253854603,6.89683109773547,5.31753413239927e-12,4.24970410743779e-11,1.0454272104297e-08
"CARD16",1030.89859841783,0.256442350493913,0.0568157996577308,4.51357460492981,6.37440118519288e-06,2.06119617271204e-05,0.0125320727300892
"ATM",126.43186891448,-0.294984135893688,0.0369399029068041,-7.98551465167371,1.39937240423184e-15,1.99359865704333e-14,2.75116614671979e-12
"SDHD",153.549931668,0.247510363622559,0.0503001444440852,4.92066904296262,8.62488695117361e-07,3.22367447642725e-06,0.00169565277460073
"IL10RA",261.313976791084,-0.231756757582465,0.0428002957716603,-5.41484009407056,6.13435023415409e-08,2.67408704220553e-07,0.000120601325603469
"CD3D",95.4977107509801,-0.597496934953427,0.0664195634695331,-8.99579737869704,2.34523539390899e-19,5.44409593911664e-18,4.61073278442507e-16
"SORL1",169.582624517778,-0.472204580177751,0.047842278042394,-9.87002708690671,5.6149446129639e-23,2.16450609982098e-21,1.1038981109087e-19
"HSPA8",328.005632132549,0.192823004588172,0.0447432914794601,4.3095400050461,1.63594464580274e-05,4.90284630129298e-05,0.0321626717364819
"APLP2",882.867965630392,0.162426969965771,0.0260773604113028,6.22865839961969,4.70446290323583e-10,2.91086615072768e-09,9.24897406776164e-07
"TNFRSF1A",119.179461067158,0.283733930646179,0.0535290188663554,5.3005628844902,1.15446192179182e-07,4.82908965583558e-07,0.000226967213824272
"GAPDH",4427.43619651185,0.278421126013249,0.03467022973883,8.03055324728417,9.7034089354004e-16,1.40271337992626e-14,1.90769019669972e-12
"CD4",241.940615049423,-0.194841804482182,0.0320148477270782,-6.08598254607298,1.15779055424174e-09,6.67512090803305e-09,2.27621622963927e-06
"C12orf57",290.700856882431,-0.580534751277048,0.0776368382595894,-7.47756817885796,7.57104920967986e-14,8.36218131810708e-13,1.48846827462306e-10
"PTPN6",337.410360554616,0.158599950131836,0.032907414096907,4.81958107266601,1.43859984209652e-06,5.12370885790175e-06,0.00282828728956176
"CD163",167.939293799044,0.475475401768361,0.077299891149753,6.15104878798888,7.69722346432911e-10,4.6136406496558e-09,1.5132741330871e-06
"CLEC4E",350.895920804838,0.409776260623179,0.0655692717131159,6.24951673119179,4.11724637133769e-10,2.57786826944265e-09,8.0945063660499e-07
"CLEC7A",790.806553055037,-0.413439975850825,0.0430649520955476,-9.60038164987464,7.9648949551299e-22,2.56704647242383e-20,1.56589834817854e-18
"HEBP1",113.66024583647,0.269020094123135,0.0446834028839763,6.02058206761167,1.7379096182497e-09,9.69302618581832e-09,3.4167303094789e-06
"PLBD1",351.7580361186,0.327097485255377,0.0501371581405593,6.52405316508688,6.84324346709531e-11,4.85697352213335e-10,1.34538166563094e-07
"H2AJ",298.323636816949,0.301109492980385,0.0326923112051976,9.21040703088966,3.24890591692803e-20,8.18890901625707e-19,6.38734903268051e-17
"STRAP",135.874244348058,-0.222514968656377,0.0435495829822139,-5.10946267263349,3.23076309760261e-07,1.27288181360456e-06,0.000635168024988673
"LDHB",303.417871961626,-0.181529377206761,0.0409479756361214,-4.43317097821629,9.28571690878753e-06,2.90234013397079e-05,0.0182557194426763
"KRAS",124.46021453016,0.137995491577653,0.0311086508610104,4.43592016234327,9.16798241196542e-06,2.874161444929e-05,0.018024253421924
"ZCRB1",100.777752724746,0.220181013657458,0.038437951200594,5.72821929317751,1.01490317923879e-08,4.98824912595864e-08,1.99529965038346e-05
"SLC38A2",220.000650080959,-0.266898643054386,0.0385139120666043,-6.92992814110451,4.21054443266046e-12,3.46356918602949e-11,8.27793035461047e-09
"TUBA1B",387.707363814023,0.25752620115024,0.0406990127972986,6.32757856886723,2.49038176593069e-10,1.63094728931396e-09,4.89609055181974e-07
"TMBIM6",659.590060527032,0.159599106097782,0.0265100872200793,6.02031614505209,1.74076732859386e-09,9.69302618581832e-09,3.42234856801554e-06
"METTL7A",129.017527629387,0.236998146920621,0.0483135158188693,4.90542124504339,9.32270418860942e-07,3.45168294440793e-06,0.00183284364348061
"BIN2",197.499620168958,0.201589354204513,0.0417124515451779,4.83283400368295,1.34603017886746e-06,4.82021007587145e-06,0.00264629533165343
"EIF4B",312.740495170003,-0.561866928830464,0.0656444921994037,-8.55923947318718,1.13614501239056e-17,2.18986381799984e-16,2.23366109435984e-14
"PCBP2",847.679779968824,-0.289235927364772,0.032724077583872,-8.83862735698075,9.69017359887748e-19,2.14054846015653e-17,1.90508812953931e-15
"HNRNPA1",1514.82955607245,-0.185880049896087,0.0285643044229204,-6.5074243413725,7.64502330264823e-11,5.36789850464515e-10,1.50301158130064e-07
"COPZ1",149.81004617854,0.249884708532745,0.0371777773544547,6.72134609205743,1.80053355750361e-11,1.33579206568003e-10,3.53984897405209e-08
"BLOC1S1",764.810932000863,0.241429244338231,0.0406874306800925,5.93375497795583,2.96083598230867e-09,1.59917679703814e-08,5.82100354121884e-06
"CD63",888.612178524581,0.316382553121514,0.0516973592708388,6.11989775849108,9.36354172404802e-10,5.48017055306926e-09,1.84087230294784e-06
"PYM1",100.634039026765,-0.222624187543839,0.0417894650959072,-5.3272801418471,9.96943404249188e-08,4.21503383387936e-07,0.00019599907327539
"STAT2",144.977176393946,0.663578337470223,0.057511450747491,11.5381950697735,8.46834917067487e-31,6.65950978781872e-29,1.66487744695468e-27
"ATP5F1B",409.074659648998,0.235798209452461,0.0314251665707483,7.50348320100712,6.21439507764244e-14,6.94176177423013e-13,1.2217500722645e-10
"LRP1",182.781824932755,-0.343591057908186,0.0386248429476073,-8.89559754001462,5.8105796192613e-19,1.31305741741008e-17,1.14235995314677e-15
"OS9",183.173044085851,0.193650736522949,0.0296774475906851,6.52518165287672,6.79191686348178e-11,4.83801034550913e-10,1.33529085536052e-07
"RASSF3",158.826673388274,-0.283078276508597,0.0461530463218489,-6.13346894882185,8.59832073261418e-10,5.12251471524833e-09,1.69042985603195e-06
"RAP1B",454.272592996358,0.12762088622167,0.0293815779010471,4.34356815864277,1.40186956657992e-05,4.24664956532529e-05,0.0275607556789612
"GLIPR1",651.344486251454,0.132304666413682,0.0285458281491796,4.6348161882802,3.57254783680191e-06,1.20680911463102e-05,0.00702362904715255
"NAP1L1",1015.9795526318,-0.189127710414275,0.0391287184724215,-4.83347571292361,1.34169654390653e-06,4.81345876883256e-06,0.00263777540532025
"ATP2B1",312.181681684996,-0.590621569332043,0.0702862525798874,-8.40308805282714,4.34888351417859e-17,7.70261710709468e-16,8.5499049888751e-14
"UBE2N",136.260592569223,0.176838516967485,0.0348932898038141,5.067980633576,4.02058300116728e-07,1.56834646434422e-06,0.000790446618029487
"NDUFA12",341.731824574176,0.397317899478755,0.0681645668642876,5.82880399239969,5.58260270370829e-09,2.86563888132911e-08,1.09753969154905e-05
"METAP2",200.828671884109,-0.220745367492228,0.0309121064520287,-7.1410651951136,9.26104105068704e-13,8.67009843126225e-12,1.82072067056507e-09
"LTA4H",496.506733630429,-0.347517328397549,0.0662628139329724,-5.24453019379886,1.56681047150674e-07,6.51236656867282e-07,0.000308034938698224
"ARPC3",2263.80195962874,0.300461966386741,0.0363750053072297,8.26012158208601,1.4552416239234e-16,2.36446696911852e-15,2.86100503263341e-13
"ALDH2",298.675620679018,0.243180786523546,0.0485118352618265,5.01281357860528,5.36398595883619e-07,2.07182640374694e-06,0.00105455963950719
"ERP29",647.64560311863,0.123908273536087,0.0285062038405107,4.34671253420278,1.38193142651485e-05,4.19271170451882e-05,0.0271687718452819
"MED13L",135.580481782788,-0.250301428542638,0.0344142167325408,-7.27319847166424,3.51073917829447e-13,3.52148633904435e-12,6.90211322452693e-10
"UBC",1912.22364140382,0.240883028101027,0.0398888079686957,6.03886253733301,1.55204389694044e-09,8.76815603846237e-09,3.05131830138491e-06
"RAN",347.168227551381,0.234595194397501,0.0330385567031353,7.10064899339984,1.24172384985572e-12,1.12499036350983e-11,2.44122908881634e-09
"MPHOSPH8",156.109550842929,0.20320274943235,0.0352747510057664,5.76057218374501,8.38292699719244e-09,4.19359655890085e-08,1.64808344764803e-05
"UBL3",94.7739860797367,-0.212189207306478,0.0357842586529564,-5.929680124558,3.03525387093043e-09,1.63041232520471e-08,5.96730911024923e-06
"UFM1",168.029668560951,-0.150665742185128,0.0327072008456719,-4.60650065702781,4.09501768058368e-06,1.36685989134593e-05,0.00805080476002752
"DNAJC15",251.99090725897,0.483745740908713,0.0496726619027296,9.73867158269065,2.06232598423176e-22,7.37187797272661e-21,4.05453288499964e-19
"ITM2B",2348.8137496601,0.227425782605322,0.0298892977839583,7.60893695961578,2.76359497500317e-14,3.31294373222941e-13,5.43322772085624e-11
"RCBTB2",109.058106653218,0.193204156202645,0.0423377137813498,4.56340550650501,5.03304682340884e-06,1.65467726669261e-05,0.00989497005482179
"PHF11",157.750251619342,0.487306325620204,0.0465235778228507,10.4743948858735,1.13259604863019e-25,5.70944572206909e-24,2.22668383160695e-22
"RBM26",96.5175525211673,-0.147843301219219,0.0350176799941907,-4.22196162749061,2.42185346683245e-05,7.07483494174235e-05,0.047613639157926
"TNFSF13B",898.657105712901,0.571523978192381,0.0527819305659965,10.8280233796634,2.53569825952229e-27,1.46623022888848e-25,4.98518277822083e-24
"APEX1",148.902760318732,-0.232309162330083,0.0363816356765942,-6.38534134075608,1.71015571229692e-10,1.15142675697799e-09,3.36216613037574e-07
"RNASE6",520.608592119168,0.279472247970324,0.051680662282047,5.40767543660926,6.38479911522082e-08,2.77710510188587e-07,0.000125525150605241
"SLC7A7",356.776141948542,0.159635641682538,0.0320389614228551,4.98254732966037,6.2752634791158e-07,2.40022723734273e-06,0.00123371679999417
"PABPN1",179.198490984927,-0.18969885034224,0.0291344622019072,-6.51114988935068,7.45776795704852e-11,5.27409057681921e-10,1.46619718035574e-07
"PSME1",1101.88926642883,0.324857166245175,0.0335724677173523,9.67629692819002,3.80239536966858e-22,1.28888091323594e-20,7.47550929676843e-19
"PSME2",1097.78950266469,0.672488921675874,0.0676506499717054,9.94061286857022,2.77116902551947e-23,1.13502464670235e-21,5.44811830417128e-20
"CHMP4A",218.762585283021,0.154897260746695,0.0309284226924728,5.00824960544765,5.49272730884202e-07,2.11739252729086e-06,0.00107987018891834
"SNX6",220.939115999747,0.290933992487967,0.0265012657335983,10.9781168723244,4.86969020794039e-28,2.99181592150337e-26,9.5738109488108e-25
"BAZ1A",208.862684430249,0.285918112283719,0.0329932306817398,8.66596287710501,4.47712835061934e-18,9.07426220342022e-17,8.80203433731761e-15
"NFKBIA",3087.06630373498,0.465787702116387,0.0678164374599976,6.8683599369421,6.49441927612748e-12,5.12772220757696e-11,1.27680282968666e-08
"MIS18BP1",235.9340585362,0.26746717755582,0.0473972213741897,5.64309826190508,1.67016959940879e-08,7.85483105235694e-08,3.28355343243769e-05
"GNG2",115.67378091142,-0.308341684015196,0.0431725513887757,-7.14207694695942,9.1931107875542e-13,8.64768220494333e-12,1.80736558083316e-09
"RTRAF",399.796490961287,0.164931842961908,0.0358253897391154,4.60376967739808,4.14911317578218e-06,1.38256889891318e-05,0.00815715650358777
"LGALS3",777.636590062163,0.385873518914484,0.0517905716570901,7.45065185743432,9.28801618970094e-14,9.83688303085246e-13,1.8260239828952e-10
"PSMA3",152.950236499209,0.322543451021818,0.0426129463599618,7.56914221084868,3.75696695660581e-14,4.39654585517085e-13,7.38619703668703e-11
"PSMA3-AS1",178.404138290355,-0.184687219342118,0.0244898702992478,-7.54137188500304,4.65052814387561e-14,5.33201156228829e-13,9.14293833085945e-11
"DHRS7",189.34697159196,0.218493066187145,0.0397117202274449,5.50197938884913,3.75550867141691e-08,1.67422450068155e-07,7.38333004800565e-05
"HIF1A",415.140369390909,-0.272756238876795,0.0622362870543125,-4.38259176095717,1.17275744700918e-05,3.58018810686342e-05,0.0230564114082005
"ZFP36L1",775.161296552235,-0.432589452277946,0.0571102888724172,-7.57463253678053,3.60145554376068e-14,4.26533831267079e-13,7.0804615990335e-11
"NPC2",1869.67264790545,0.272629866277002,0.0425146041059175,6.41261684097524,1.43042716207144e-10,9.68119854139853e-10,2.81221980063245e-07
"TMED10",237.393945977675,0.186708983232796,0.0315926562290323,5.90988557211654,3.4234545796408e-09,1.82398691153762e-08,6.73051170357382e-06
"SNW1",137.329884606768,0.171345935834992,0.0330084116327767,5.19097791621239,2.09192439325586e-07,8.49736230814262e-07,0.000411272335714103
"CALM1",920.006502788309,0.29770718204496,0.0350926208206856,8.48346960365737,2.18576336397283e-17,3.9788988644172e-16,4.29721077357058e-14
"NDUFB1",996.506354280065,-0.183722993319537,0.0411638291565875,-4.46321435794161,8.07392080145414e-06,2.57266260869673e-05,0.0158733282956588
"IFI27L2",398.740300229948,0.18304940091425,0.0293100378512145,6.24528026348711,4.23040876033581e-10,2.64031226121276e-09,8.31698362282021e-07
"SERPINA1",1451.90640626374,0.290393499995922,0.0450295606349778,6.44895255252283,1.12625812644067e-10,7.74204012791037e-10,2.21422347658237e-07
"WARS1",267.416168649645,0.413972583165549,0.060856396775615,6.80244978505573,1.02854873550488e-11,7.92990907451997e-11,2.02212681400259e-08
"HSP90AA1",967.050629392995,0.251261893915522,0.0397017283066843,6.32873944364833,2.47172073563427e-10,1.62521838336354e-09,4.85940296625697e-07
"CRIP1",830.21256940624,-0.847054678543996,0.124604333747836,-6.79795520000285,1.06114439491701e-11,8.14925734533925e-11,2.08620988040685e-08
"CHP1",226.992247259728,-0.323426479972614,0.0521540485138362,-6.20136862216575,5.5974235720317e-10,3.39646134031306e-09,1.10045347426143e-06
"TMEM87A",75.2400292062088,-0.215222403777834,0.0309646811283783,-6.95057710704432,3.63794891361273e-12,3.06838189095513e-11,7.15220756416263e-09
"PDIA3",319.399362676887,0.164345037815482,0.0281660552197752,5.83486173456395,5.38351910441752e-09,2.77068025112169e-08,1.05839985592848e-05
"B2M",30694.7199636976,0.387044373648973,0.0544964420414229,7.10219528377247,1.22790552986947e-12,1.11762142209416e-11,2.41406227172338e-09
"SQOR",177.640929856987,0.473978101548226,0.0432518737214213,10.9585564917036,6.0455957261967e-28,3.60170945384931e-26,1.18856411977027e-24
"EID1",519.512225833449,0.115534637795545,0.0259717030617715,4.44848139225817,8.6479539388252e-06,2.74223829737586e-05,0.0170018774437304
"LYSMD2",118.017457479351,0.451254531893748,0.0585344067936818,7.70921850262018,1.26590515374175e-14,1.57517059003563e-13,2.48876953225629e-11
"RSL24D1",581.846419996149,-0.215309858294598,0.0472664612166519,-4.55523541962869,5.23269410916886e-06,1.71187235705001e-05,0.010287476618626
"SLTM",203.188572190308,0.132984104121753,0.031306125236196,4.24786213938726,2.15820127002206e-05,6.34233736451925e-05,0.0424302369686338
"BNIP2",280.523736176281,-0.220173226790099,0.0286176803867592,-7.69360842019777,1.43042386017034e-14,1.76868761578295e-13,2.81221330909488e-11
"ANXA2",1203.90616935539,0.521180187708961,0.0368394296529395,14.1473468134265,1.93937238018853e-45,9.53201524862664e-43,3.81280609945066e-42
"LACTB",182.194980547397,0.225433557562685,0.0287520286959327,7.84061395968815,4.48348825411985e-15,5.91579725342256e-14,8.81453790759962e-12
"PPIB",487.782521334196,0.269778297521402,0.0312650520277886,8.62874935508252,6.20264494449633e-18,1.24432652662039e-16,1.21943999608798e-14
"RAB11A",200.47346575314,0.188746790252734,0.0370687162525924,5.09180811567851,3.54664941023011e-07,1.3917590300424e-06,0.00069727127405124
"PKM",673.482981553742,0.24720868227883,0.0331381164554955,7.45994971110779,8.65555096285785e-14,9.40155425026438e-13,1.70168131929785e-10
"ADPGK",151.156956080781,-0.115090286088117,0.0259369501145195,-4.43730992194372,9.10900969128207e-06,2.86533008848969e-05,0.0179083130530606
"COX5A",512.859390699676,0.149457235293746,0.0339608016801462,4.40087477031264,1.07815338273398e-05,3.34329582090695e-05,0.0211964955045501
"ETFA",127.020582941368,0.163069985040907,0.0281978253741125,5.78306954090922,7.33497229060804e-09,3.68812161722133e-08,1.44205555233354e-05
"PSMA4",632.953160193095,0.315540478761761,0.0633581145642015,4.9802693929918,6.34958234833348e-07,2.42393764986866e-06,0.00124832788968236
"CTSH",433.393872749491,0.229680539038609,0.0438163421008855,5.24189213489747,1.58938277634517e-07,6.59225008079031e-07,0.000312472653829461
"ISG20",124.863106199509,0.628550318913943,0.0862348659537149,7.28881887810097,3.12684071858682e-13,3.15249684755984e-12,6.14736885274169e-10
"SLCO3A1",120.519998582522,-0.230906015414449,0.0411089475290357,-5.61692841324526,1.94381907945253e-08,9.01308563727284e-08,3.82154831020368e-05
"CHD2",146.409602185205,-0.230583802061853,0.0409256843812342,-5.63420760209898,1.75865066950344e-08,8.23216003867565e-08,3.45750721624377e-05
"SELENOS",176.189435618052,0.15357690633324,0.0325955327441473,4.7115936879668,2.45787054500422e-06,8.41842071686114e-06,0.0048321734914783
"MPG",121.177320226908,0.137763309893913,0.0321740093370026,4.28181978972308,1.85371081518201e-05,5.50512909765533e-05,0.0364439546264783
"MSRB1",215.082474452278,0.271460862476569,0.039954191708758,6.79430244654565,1.08837843203053e-11,8.32588325825692e-11,2.13975199737203e-08
"SNHG9",160.785823864245,-0.622950439661746,0.0715695187930327,-8.70413061548194,3.20018324731088e-18,6.69314921724808e-17,6.29156026421319e-15
"IL32",134.563244568916,-0.420948574664897,0.0608230125035761,-6.92087677571292,4.48856805393362e-12,3.67688533084729e-11,8.8245247940335e-09
"RSL1D1",439.885427659421,-0.145782820170416,0.0307453880855773,-4.74161587307472,2.12020336356838e-06,7.35153406133235e-06,0.00416831981277544
"CPPED1",234.964171850464,0.349676741666937,0.0360641201762561,9.69597317106204,3.1363329307347e-22,1.08175974417972e-20,6.16603054182441e-19
"THUMPD1",79.1198800903767,-0.226117525000231,0.0312872995182626,-7.22713460355519,4.93291126255462e-13,4.84905177109119e-12,9.69810354218238e-10
"IGSF6",547.778959867898,0.544613451250444,0.0519660079013652,10.4801864381069,1.06533518648739e-25,5.5117078332479e-24,2.0944489766342e-22
"SPN",118.410717326035,-0.170192000195931,0.0350092551194297,-4.86134308243182,1.16591982318708e-06,4.22914828853469e-06,0.0022921983723858
"TMEM219",424.992529115168,0.20286223330045,0.0296691795219291,6.83747365344262,8.06019058280783e-12,6.28822804992071e-11,1.58463346858002e-08
"ALDOA",1503.10720499624,0.209567379032011,0.0328310012676982,6.38321619627849,1.73406816008837e-10,1.1635419804552e-09,3.40917800273373e-07
"YPEL3",151.525891892406,-0.255059641910763,0.0341176282955308,-7.47589016743507,7.66829835962843e-14,8.42227629889916e-13,1.50758745750295e-10
"CORO1A",1472.2890659173,0.283792437580951,0.034983978005383,8.1120688315458,4.97650955763499e-16,7.58435487620961e-15,9.7838177903104e-13
"FUS",379.061656426449,-0.159486729321883,0.032491278214693,-4.90860126425438,9.17282620297491e-07,3.40903143951771e-06,0.00180337763150487
"PYCARD",1173.02783710388,0.317560366035209,0.0353025321532997,8.99539910214422,2.35375460236477e-19,5.44409593911664e-18,4.62748154824914e-16
"MT2A",1652.16549033048,1.45109672807059,0.119926722301433,12.0998614839426,1.05789526794034e-33,1.2234247628063e-31,2.07982209677071e-30
"MT1X",204.06665088762,0.437060026210561,0.0837954682870539,5.21579549759596,1.8303002058438e-07,7.465498349977e-07,0.000359837020468891
"CNOT1",130.583685573332,-0.262936963867884,0.0450581840658532,-5.83549846313374,5.36299910835775e-09,2.76736384436518e-08,1.05436562470313e-05
"CMTM3",154.174535284188,-0.224722844641234,0.0374114637881847,-6.00679101768282,1.89231168809888e-09,1.04783956184125e-08,3.7202847788024e-06
"CIAO2B",254.482511648363,0.203109002101052,0.0391101612752632,5.19325401579248,2.06649923752712e-07,8.41146480533812e-07,0.000406273750097831
"ATP6V0D1",348.586772894096,0.242505220149615,0.0336255510696745,7.21193296273798,5.51631320510176e-13,5.32662677550016e-12,1.08450717612301e-09
"PSMD7",200.979673509635,0.360855592304485,0.0318990369607207,11.3124290475863,1.13892136185592e-29,8.29303480521754e-28,2.23911939740874e-26
"CMC2",86.4279571099067,0.295362905740504,0.0431656939951419,6.84253809920779,7.78022037222875e-12,6.11836530072069e-11,1.52959132518017e-08
"HSBP1",484.916895466865,0.249016906177608,0.04614511272154,5.39638742850811,6.7996039535459e-08,2.94449809970732e-07,0.000133680213726712
"CYBA",5762.03436628716,0.25552424219622,0.0421217750403271,6.06632180034158,1.30872783002147e-09,7.50133794117263e-09,2.57295891382221e-06
"ITGAE",127.707613847731,-0.416181589185126,0.0591193780262751,-7.03968145605587,1.92679811067561e-12,1.66875994959835e-11,3.78808508558824e-09
"TXNDC17",238.624970988507,0.209913715488797,0.0465256606876487,4.51178365629363,6.42847395720374e-06,2.07526761902505e-05,0.0126383797998626
"GABARAP",542.922013880467,-0.610475456893976,0.131047324022227,-4.65843512218863,3.18622188452747e-06,1.08188466752694e-05,0.006264112224981
"TMEM256",285.318276863453,-0.187383638900541,0.0391917973699213,-4.78119533870507,1.74255935589461e-06,6.13955500661076e-06,0.0034258716936888
"CD68",738.740369957502,0.350051213745052,0.0473595742887192,7.39135051364751,1.45344906789538e-13,1.51993663163953e-12,2.85748086748231e-10
"SAT2",336.169791179982,0.196920213419401,0.0310925314777525,6.333360587262,2.39878057316857e-10,1.58255121035215e-09,4.7160026068494e-07
"TRAPPC1",533.336388563083,0.16938951471586,0.0386497523402048,4.38268046907134,1.1722798650326e-05,3.58018810686342e-05,0.0230470221465409
"TMEM107",256.637567802759,-0.520961099534948,0.0938121450188155,-5.55323726400735,2.80427031564527e-08,1.27620264827746e-07,5.51319544055861e-05
"STX8",124.056770323369,0.207362327341333,0.0421649458744718,4.91788434778658,8.74845705120435e-07,3.26365589424435e-06,0.00171994665626678
"GAS7",145.317889114363,-0.260692395556772,0.042597788435343,-6.11985751214441,9.36590694725977e-10,5.48017055306926e-09,1.84133730583127e-06
"LGALS9",378.999403501209,0.500951481240521,0.0498718631925855,10.0447717244099,9.68717069126939e-24,4.23221723978569e-22,1.90449775790356e-20
"SSH2",165.360533894072,-0.163234304694338,0.0329037722750292,-4.96096020024481,7.01455646655713e-07,2.65204192562525e-06,0.00137906180132513
"NSRP1",111.884091093103,-0.181346763488826,0.0309004449697757,-5.86874278562023,4.3911203648862e-09,2.28384725856251e-08,8.63294263736628e-06
"PSMD11",87.7217336022657,0.182552913729716,0.0319377568450629,5.71589653635728,1.09127123779692e-08,5.28433313672105e-08,2.14543925350875e-05
"LASP1",139.603721525071,-0.242803877651477,0.0342473106566077,-7.08972100279736,1.34382639285895e-12,1.2063756567857e-11,2.64196268836069e-09
"KRT10",244.579957600314,-0.464217982992908,0.0568162004713933,-8.17052142067542,3.07059418063447e-16,4.8294305273019e-15,6.03678815912737e-13
"DNAJC7",234.35547001626,0.155556875803057,0.0224414445920757,6.93167835808507,4.15876677724321e-12,3.44984619580597e-11,8.17613548406015e-09
"RAB5C",255.682576791042,0.176353353620768,0.0403120030594576,4.37471076196979,1.21593593366403e-05,3.70624813268758e-05,0.0239053004558349
"COA3",126.347220618296,0.243742594347848,0.0452540489016315,5.38609473105202,7.20050223848877e-08,3.0976340045665e-07,0.000141561874008689
"GRN",1130.08096353236,0.443124958109499,0.0449654330468982,9.85479129373283,6.53523260713634e-23,2.47082063569809e-21,1.284826730563e-19
"CALCOCO2",211.016832420153,0.199093925338674,0.0318458683110413,6.25179767102304,4.05754842189932e-10,2.54860709183836e-09,7.97714019745406e-07
"SUPT4H1",430.068717192087,0.164793076029275,0.0288136758935444,5.71926597071901,1.06985216939511e-08,5.19340583958218e-08,2.10332936503078e-05
"CLTC",127.400133810337,-0.331969552658299,0.0454543227294825,-7.30336594462066,2.80656492202472e-13,2.85891535580342e-12,5.5177066367006e-10
"PSMC5",185.399381083552,0.177279564299929,0.0276466014823451,6.41234563362654,1.43297496212969e-10,9.68119854139853e-10,2.81722877554697e-07
"SNHG25",297.018310686974,-0.306113515012848,0.0575987524744197,-5.31458585233763,1.06900173518651e-07,4.49072096448009e-07,0.000210165741137668
"HELZ",125.647922672404,-0.155956955008773,0.0351301469020653,-4.43940514804975,9.02078602118292e-06,2.84224970400457e-05,0.0177348653176456
"NHERF1",110.243686171092,-0.266583281352547,0.0467836108009636,-5.69821945738006,1.21065148284645e-08,5.80522150067348e-08,2.38014081527613e-05
"ATP5PD",541.309515436924,0.258196698398738,0.0296000674509385,8.72284155523273,2.71305788211473e-18,5.73534601745974e-17,5.33387179623756e-15
"JPT1",247.197730197713,0.273988558440807,0.0353574047121167,7.74911395990875,9.25359459359417e-15,1.17371399812943e-13,1.81925669710061e-11
"UBALD2",130.549343463666,0.214744959165906,0.0452999911946987,4.74050774630254,2.13183301226788e-06,7.37884454598354e-06,0.00419118370211865
"SYNGR2",225.592858921314,0.151101413073503,0.033023582966148,4.57556084172922,4.74945909079605e-06,1.56668398867534e-05,0.00933743657250503
"CYTH1",139.473181164264,-0.159728731289053,0.0327353166710547,-4.87940082859467,1.06408611918794e-06,3.9029725938871e-06,0.00209199331032349
"RNF213",356.780902195235,0.564082046447621,0.0601428799487549,9.37903284525534,6.65806362149021e-21,1.79311686025339e-19,1.30897530798498e-17
"NDUFAF8",137.027920569078,-0.297524178001307,0.0409347276819562,-7.2682583920658,3.64151741931993e-13,3.63412347532131e-12,7.15922324638298e-10
"SLC16A3",149.491238282607,0.295015646368171,0.0503255949136725,5.86213927275445,4.56941504746663e-09,2.3703087027228e-08,8.9834699833194e-06
"WDR45B",99.9097706038963,-0.17872129653951,0.0420870248265733,-4.24647019540965,2.17164652933141e-05,6.3723239950232e-05,0.0426945707666555
"SMCHD1",300.18744661727,0.192421702057281,0.0423655400057301,4.54193908613594,5.57391483650982e-06,1.80830306412183e-05,0.0109583165685783
"MYL12A",1659.03983687399,0.299226493905937,0.0576537975159302,5.19005697453422,2.10229744194737e-07,8.52189024921345e-07,0.000413311677086852
"MYL12B",934.367489473168,0.326725105589066,0.0390076199228773,8.3759302986196,5.47893331473268e-17,9.5323742449243e-16,1.07715828967645e-13
"NDUFV2",203.117594421445,0.237096658985291,0.0402182581654763,5.89524931710784,3.74116075122572e-09,1.98787082078642e-08,7.35512203690976e-06
"PSMG2",235.431080260129,0.208099156017483,0.0376195370588583,5.53167774744005,3.17182224159907e-08,1.43351782229512e-07,6.23580252698377e-05
"RNMT",214.149415288076,-0.221125695883282,0.034247364286939,-6.45672157514363,1.06995483140505e-10,7.39645679594478e-10,2.10353119854232e-07
"TXNL1",129.197225362463,0.215689499237113,0.0336141935009932,6.4166197898141,1.39333322204653e-10,9.47852288769373e-10,2.73929311454349e-07
"MBP",141.180108108006,-0.172143117748583,0.0388092933468019,-4.4356158771123,9.18094296752497e-06,2.874161444929e-05,0.0180497338741541
"IDH3B",132.586275518824,0.150814579837031,0.0293706367107146,5.13487607784862,2.82329992800567e-07,1.11907412468934e-06,0.000555060765845914
"SNRPB2",379.393913032767,0.185080908765601,0.0387275446275453,4.77905094540799,1.76124567079216e-06,6.19429157205258e-06,0.00346260898877739
"DSTN",155.164667036431,-0.168254514605543,0.0331745245413607,-5.07179882550449,3.94072857030664e-07,1.54025295610792e-06,0.000774747236922285
"CD93",231.232388851363,-0.202805024130999,0.0421608456891455,-4.81026935812181,1.50727037410993e-06,5.34890533483778e-06,0.00296329355550013
"CST3",7400.85243655708,0.413350265259637,0.0395423345383225,10.4533601793045,1.41423967513629e-25,6.95098800329484e-24,2.78039520131794e-22
"HM13",148.65766827443,0.159198403257022,0.0326896582769796,4.86999288607221,1.11602266528214e-06,4.05563874296616e-06,0.00219410055994469
"ID1",218.331508977508,1.02341556169888,0.0844795370682428,12.1143604382226,8.86529516418549e-34,1.08932314329929e-31,1.74291702927887e-30
"HCK",292.309985178969,0.159692836707527,0.035525924294951,4.4951071612294,6.95349197800783e-06,2.24107626701039e-05,0.0136705652287634
"DYNLRB1",239.005067620757,0.329340036344407,0.0298396936313931,11.0369778058955,2.53413739723879e-28,1.66070470765716e-26,4.98211412297147e-25
"EIF6",269.041917591777,0.216860585789965,0.0420437913413139,5.15796931892936,2.4964251306907e-07,1.00367521614272e-06,0.000490797180693792
"SCAND1",524.469934304841,0.149069645091203,0.0267310952010951,5.57663814257397,2.45211200921541e-08,1.12374177392016e-07,4.82085221011749e-05
"NORAD",189.439094576373,-0.20671704796518,0.0335295555655434,-6.16521884881806,7.03857250402744e-10,4.23175337703913e-09,1.3837833542918e-06
"RPN2",158.544452865137,0.228681441313934,0.02903524998033,7.87599354125948,3.38045701803028e-15,4.49052601178887e-14,6.64597849744753e-12
"SRSF6",170.262849057706,-0.331729574501726,0.0420835990254209,-7.88263319164651,3.20553032512899e-15,4.31648809534492e-14,6.30207261920359e-12
"STK4",269.597077108679,-0.194701907185092,0.0272789177463557,-7.13744984296906,9.50782971771442e-13,8.85895413508367e-12,1.86923932250265e-09
"CTSA",241.078315533523,0.41387635257318,0.0438958831231152,9.42859154723867,4.15632326638999e-21,1.15089176643982e-19,8.17133154172273e-18
"RNF114",148.910388961846,0.235693044100502,0.0495623203869308,4.75548848924863,1.9796714058218e-06,6.91302661429068e-06,0.00389203398384565
"RTF2",175.148411552918,0.246738039033812,0.0283667508679771,8.69814241969996,3.37360972599153e-18,6.98159654873615e-17,6.63251672129934e-15
"PSMA7",834.813420662698,0.390721174199616,0.0269851821630504,14.4791008576037,1.6423144721641e-47,1.07626341742487e-44,3.22879025227462e-44
"ADRM1",156.581106832191,0.186764125281939,0.0411319654172332,4.54060785540994,5.60922751835109e-06,1.81676133460926e-05,0.0110277413010782
"OGFR",138.582609241979,0.210230336376485,0.0325615365791229,6.45640097068624,1.07222288242333e-10,7.39645679594478e-10,2.10799018684426e-07
"RGS19",213.620993503192,0.270832189507626,0.0430246403620622,6.29481588291061,3.07764938640926e-10,1.98382252251823e-09,6.05065869368061e-07
"CFD",1367.42987588505,0.305038621507036,0.0570087528735256,5.35073310906777,8.7598633062971e-08,3.73576816923646e-07,0.000172218912601801
"ARHGAP45",147.218713443745,-0.121320320216236,0.028060279749419,-4.32356060950347,1.53530933002972e-05,4.62238612992104e-05,0.0301841814283844
"CIRBP",606.553750412872,-0.270365852327953,0.0335052420160799,-8.06935977952938,7.06677407519795e-16,1.0525210478666e-14,1.38932778318392e-12
"NDUFS7",429.192567625127,0.183187070304505,0.0383714701760895,4.77404356580151,1.80563294892363e-06,6.32776181387497e-06,0.00354987437758386
"OAZ1",4907.22878082851,0.20899039840498,0.0307798222756491,6.78985071886911,1.12249632775108e-11,8.52057058053519e-11,2.20682778035861e-08
"TLE5",188.117941921977,-0.208075389569448,0.0350603116143116,-5.93478437551912,2.94231931174275e-09,1.5935536547896e-08,5.78459976688625e-06
"EEF2",1115.23596649478,-0.295184028474491,0.0447404293087178,-6.59770219095715,4.17578995426117e-11,3.00718060442398e-10,8.20960305007746e-08
"RETN",493.934948690275,0.958668718717036,0.159250156159827,6.01989185966571,1.74533635288896e-09,9.69302618581832e-09,3.43133126977969e-06
"EIF3G",549.289263728191,0.201286466063746,0.0289611429585786,6.95022521561508,3.64703513620162e-12,3.06838189095513e-11,7.17007107777239e-09
"ILF3",121.448449652125,-0.226328132705919,0.0388658826258895,-5.823311280088,5.76929546626849e-09,2.95375908507392e-08,1.13424348866838e-05
"RAB3D",114.770210601863,-0.182527424364063,0.0363419753904896,-5.02249595413651,5.10042720037714e-07,1.98170748536392e-06,0.00100274398759415
"CALR",255.768333899871,0.25144112807806,0.0419493238361199,5.99392564848829,2.04835052963934e-09,1.12802721044004e-08,4.02705714127094e-06
"C19orf53",510.875251846489,0.123622554979783,0.0256494652532044,4.8196932668738,1.43779108440134e-06,5.12370885790175e-06,0.00282669727193302
"DNAJB1",120.435301075894,-0.288697850234945,0.0504172653714223,-5.72617035271781,1.0272307403277e-08,5.03624846754178e-08,2.01953563548425e-05
"RAB8A",160.785408182223,0.428663301749597,0.0491000281656635,8.73040846948778,2.53754491680977e-18,5.42262315918262e-17,4.98881330644801e-15
"BST2",599.392810513887,0.708302943179882,0.0599982740454043,11.8053886457445,3.66095513216858e-32,3.59871889492171e-30,7.19743778984343e-29
"PGLS",525.30602756229,0.150790612197,0.0339893885428345,4.43640261450919,9.14746893766266e-06,2.87283129895284e-05,0.0179839239314448
"LRRC25",201.512651681737,0.19812473251662,0.0417019056152901,4.75097551522865,2.02437646430036e-06,7.03199845088071e-06,0.0039799241288145
"UQCRFS1",360.352291600497,0.192218266671725,0.0396278175847828,4.85058926751337,1.23095217251247e-06,4.43232961750828e-06,0.00242005197115952
"PEPD",113.645752966802,0.25941032731875,0.052035674270365,4.98524004841208,6.18849315108795e-07,2.37165254094326e-06,0.00121665775350389
"TYROBP",9671.30414477124,0.18418641654165,0.027048147319204,6.80957606330687,9.78867678158882e-12,7.60653697731369e-11,1.92445385526036e-08
"PSMD8",234.949303339601,0.259376492296356,0.0374282589071601,6.92996414660199,4.20947292215208e-12,3.46356918602949e-11,8.275823764951e-09
"EIF3K",1257.15381614059,0.142194237440964,0.0274125532455784,5.18719420869341,2.13486066810615e-07,8.6360824557545e-07,0.000419713607349669
"HNRNPL",126.576347036492,-0.44400716081042,0.0403526940870788,-11.0031602810033,3.68969909980106e-28,2.33998336458351e-26,7.25394843020888e-25
"FBL",218.115061898682,-0.208864254139372,0.0365179251508486,-5.71949948625486,1.06838297620989e-08,5.19340583958218e-08,2.10044093122865e-05
"BLVRB",776.858114118558,0.375305594831072,0.0333030289241172,11.2694132322386,1.8580397669003e-29,1.30460935061643e-27,3.652906181726e-26
"SHKBP1",202.212062987566,0.153646966702097,0.0275597379254995,5.57505180627776,2.47456213233029e-08,1.13139282608403e-07,4.86498915216135e-05
"HNRNPUL1",144.328277554348,-0.162124934325798,0.0364871508497674,-4.44334321946192,8.85717036791765e-06,2.79954934780162e-05,0.0174131969433261
"ARHGEF1",116.206726503904,-0.142799779452236,0.0300542137245842,-4.75140626738227,2.02006796555103e-06,7.03199845088071e-06,0.00397145362027332
"ETHE1",157.400993555727,0.178039474694088,0.0370957009113148,4.79946382789019,1.59090965084467e-06,5.62541074381407e-06,0.00312772837356062
"TRAPPC6A",136.619972166514,-0.290828977290536,0.0476794166897452,-6.09967565633173,1.06283905257842e-09,6.18207567268986e-09,2.08954157736917e-06
"CALM3",406.664222424368,0.21996079103743,0.0326767067389193,6.73142470552113,1.68009769416954e-11,1.25116366164292e-10,3.30307206673731e-08
"AP2S1",983.550483988037,0.164742882228898,0.0291613952523296,5.64934842120551,1.61057126702459e-08,7.61149786290949e-08,3.16638311097035e-05
"NAPA",143.237447065873,0.406590635810385,0.0492169343234376,8.26119386344554,1.44222628159605e-16,2.3628473913482e-15,2.83541686961784e-13
"EMP3",2259.07014147741,0.240459831624927,0.0413321755895612,5.81773952604752,5.96487535654195e-09,3.03806864014546e-08,1.17269449509615e-05
"NUCB1",153.062115465924,0.330012135114545,0.0366549287404578,9.00321311361042,2.19206278601898e-19,5.32048819421398e-18,4.30959543731332e-16
"FTL",37466.557087273,0.193203503033716,0.033696358036702,5.7336612705527,9.82855239114057e-09,4.84284060174996e-08,1.93229340009824e-05
"CD37",1068.14576622059,0.161852301492756,0.0300436843732655,5.38723212113029,7.15510025918338e-08,3.08485243630582e-07,0.000140669271095545
"CD33",162.052086976975,0.293008732953871,0.0413387473724071,7.08799253916071,1.3607130480645e-12,1.21598266022491e-11,2.6751618524948e-09
"ETFB",219.708029556133,0.157193283847896,0.0324958920217117,4.83732786109915,1.31596265435524e-06,4.72976705386179e-06,0.0025871825784624
"FPR1",445.782451920139,0.372135616430068,0.0559587788277157,6.65017400711672,2.92746711995934e-11,2.12376396968268e-10,5.75540035784006e-08
"MYADM",315.083372432452,0.414221617563701,0.0689638972308841,6.00635454485598,1.89741039682343e-09,1.04783956184125e-08,3.73030884015487e-06
"LILRB2",274.168262882491,0.362125772139126,0.0402347181830676,9.00033077133677,2.25038641546267e-19,5.39543864975561e-18,4.4242596927996e-16
"LILRA5",303.711619274041,0.333040330530364,0.0589439540293196,5.65011859171688,1.60337183265507e-08,7.59573258554186e-08,3.15222902299987e-05
"LENG8",147.48995037449,-0.201569451398793,0.037999455141494,-5.30453530578882,1.12960380123009e-07,4.73518352498582e-07,0.000222080107321835
"LILRA2",170.558761395992,0.325851163569642,0.0424234131166865,7.680927573493,1.5794076116511e-14,1.94069710281629e-13,3.10511536450606e-11
"CHMP2A",408.443072068925,0.269774457646056,0.0299884679846821,8.99593996545123,2.34219284921339e-19,5.44409593911664e-18,4.60475114155352e-16
"ADA2",340.588866393905,0.231710491037553,0.0357171970766166,6.48736491109628,8.7350598469454e-11,6.06824298907939e-10,1.71731276590947e-07
"ATP6V1E1",138.586540324169,0.289330269672443,0.0348936361658561,8.29177756933101,1.11568420282427e-16,1.90733490674132e-15,2.19343514275251e-13
"C22orf39",97.4311325798081,-0.201822864710128,0.0334156107836139,-6.03977781573564,1.54326584392906e-09,8.74369063159807e-09,3.03406064916453e-06
"COMT",256.992591129695,0.200861583912729,0.0446918299796431,4.49436919464297,6.97764784440781e-06,2.24518095942811e-05,0.0137180556621058
"UBE2L3",345.91815995672,0.274900230334516,0.0401881041418343,6.84033835894128,7.90063484965803e-12,6.18830602168434e-11,1.55326481144277e-08
"MIF",296.649037505756,-0.712183517252282,0.071124798483917,-10.0131533928117,1.33430331269922e-23,5.70269633210143e-22,2.62324031276666e-20
"EWSR1",158.432576547031,-0.116563316512544,0.0265494370460225,-4.3904251645896,1.13129245063122e-05,3.48062747721592e-05,0.0222412095794097
"HMOX1",157.779160707907,0.340262024165953,0.0421608926593464,8.0705602444241,6.99763254388344e-16,1.05017905200571e-14,1.37573455812748e-12
"NCF4",159.936469641229,0.229349352837996,0.0386924864675309,5.92749067782079,3.07598805958104e-09,1.64779087878374e-08,6.04739252513632e-06
"RAC2",359.077912069228,0.186949588198114,0.0295548968696911,6.32550297916393,2.52409035951791e-10,1.64316610821597e-09,4.96236164681222e-07
"LGALS1",6324.64913833678,0.322126048027942,0.0437725491304699,7.35908815974602,1.85170713850935e-13,1.91602959700494e-12,3.64045623430939e-10
"EIF3L",481.597227693913,-0.281043114243554,0.0523059296230365,-5.37306412999449,7.74097819189911e-08,3.32287404481957e-07,0.000152187631252736
"TNRC6B",201.050984573722,-0.209800783119575,0.0299010390886187,-7.01650476084732,2.27487156202985e-12,1.95301200478196e-11,4.47239749095068e-09
"ST13",303.885566549638,-0.225169153125133,0.0271975215971392,-8.27903205521556,1.24180509393855e-16,2.06897357176541e-15,2.44138881468319e-13
"RBX1",697.073162130922,0.301853100721645,0.0520825070130337,5.79567148421074,6.80483542783218e-09,3.43915332933627e-08,1.33783064511181e-05
"TYMP",2617.78930404592,0.754337445722728,0.0640291332434968,11.7811597238722,4.88167468018502e-32,4.5701773434494e-30,9.59737242124374e-29
"ODF3B",283.681630400291,0.274003051624633,0.0434935923502526,6.29984870916374,2.97936304624971e-10,1.92678544372596e-09,5.85742774892693e-07
"USP16",176.558173719765,-0.170275923224404,0.0325654233339698,-5.22873360122377,1.70675084653733e-07,7.00200869922543e-07,0.000335547216429239
"IFNGR2",271.431893649916,0.167387453398841,0.0397502508806547,4.21097853951667,2.54266902777061e-05,7.4057589756993e-05,0.0499888730859703
"TTC3",145.863541569173,-0.377246194021162,0.0408516173126705,-9.23454734077703,2.59380394861031e-20,6.62262151034789e-19,5.09941856296787e-17
"HMGN1",323.489092191702,-0.190516778746798,0.042428504700263,-4.49030151056955,7.11224250970834e-06,2.28102263851331e-05,0.0139826687740866
"U2AF1",383.927342724788,0.167198686794624,0.0299070732918608,5.59060678264788,2.26277479299198e-08,1.04183026768671e-07,4.44861524302223e-05
"CSTB",784.804678481429,0.212925634089552,0.0381517156524526,5.58102382679779,2.39106882168448e-08,1.09832740734385e-07,4.70084130343169e-05
"PTTG1IP",150.119876151149,0.19450354733499,0.0375220438162275,5.18371409317717,2.17510283906187e-07,8.78080530101774e-07,0.000427625218159564
"PRMT2",156.06952407255,-0.13984502908037,0.0288148351446102,-4.85323023291799,1.2146653527405e-06,4.39784914086155e-06,0.00238803208348782
"MT-CO1",21464.0265454487,-0.227898765335711,0.0434904615467309,-5.24020112067176,1.6040168271059e-07,6.63894122545305e-07,0.00031534970820902
"MT-CO2",13971.1603036564,-0.150408554211489,0.0343934129525872,-4.37317908574045,1.22450193895326e-05,3.72658020430667e-05,0.0240737081198211
"MT-CO3",14506.5481387317,-0.232836536401864,0.0406058273109814,-5.73406704950687,9.80505407218827e-09,4.84284060174996e-08,1.92767363059221e-05
"MT-ND3",8295.69559828597,-0.414488429670546,0.0507471079596214,-8.16772514406824,3.14258889459959e-16,4.88719491579381e-15,6.17832976678279e-13
"MT-ND4L",1203.70488798326,-0.67431566544452,0.0830176849296735,-8.12255444145125,4.56472630655994e-16,7.0111343114819e-15,8.97425191869684e-13
