"","logFC","logCPM","F","PValue","bonferroni"
"IFI6",1.40517347692735,8.43222101226528,202.839263895359,1.33340149400518e-33,1.47874225685175e-30
"ISG15",1.42124616681193,8.85340774273132,175.697660665889,2.55602865027658e-30,2.83463577315673e-27
"DYNLRB1",0.373235164257087,7.6993120073022,138.787213908771,1.75461847904584e-25,1.94587189326183e-22
"LY6E",0.829225683615748,9.66766372717452,133.086484638138,1.08016105598289e-24,1.19789861108503e-21
"PSMA7",0.355751603981204,8.92681678379875,126.470479398329,9.25130364755613e-24,1.02596957451397e-20
"SP110",0.470110596280188,7.8928437505043,124.797526452771,1.60393088888537e-23,1.77875935577387e-20
"CD8A",0.476599952775533,8.74371902209336,117.472091068543,1.83269465757933e-22,2.03245837525548e-19
"BST2",0.615463131175618,8.0457682015683,116.59586723026,2.4627936890028e-22,2.73123820110411e-19
"PLAAT4",0.359584212539854,9.3670023279142,110.258941045012,2.12458303165633e-21,2.35616258210687e-18
"LDHA",0.374542065092162,8.45220362410008,109.315482561112,2.9397349078303e-21,3.26016601278381e-18
"ARPC3",0.316558489613593,9.85325033362482,104.662077038278,1.47536110603614e-20,1.63617546659408e-17
"PSMB8",0.38218251891378,8.35746260529126,99.2980191441426,9.75497976826518e-20,1.08182725630061e-16
"HSP90AA1",0.343655652417264,10.0427288776385,95.7292623657406,3.48540658574729e-19,3.86531590359375e-16
"MT-ND4L",-0.675347902655989,9.43657601043895,95.2050980912521,4.20779933214051e-19,4.66644945934383e-16
"SP100",0.420861253792171,8.23420709254699,92.6229274907556,1.06910301986801e-18,1.18563524903362e-15
"GAPDH",0.372309528745343,10.4161691705164,91.9649517827305,1.35674023535973e-18,1.50462492101395e-15
"PSME2",0.509136052647731,9.15847410374653,90.6971807786423,2.15239881179934e-18,2.38701028228547e-15
"KLF6",0.735868074401642,9.16113669968492,82.3683863040313,4.67519827233788e-17,5.18479488402271e-14
"MT-ND3",-0.55360298627174,12.6254288289959,82.2964471411743,4.80228501763172e-17,5.32573408455358e-14
"ATF7IP2",-0.62289398775172,7.72917917912758,80.54190456955,9.29167711945689e-17,1.03044699254777e-13
"BAZ1A",0.295184157674124,7.33095055959406,78.6297808730625,1.91542569927691e-16,2.12420710049809e-13
"ANXA6",0.432466423481704,8.06253638598861,78.3158190120332,2.15635161224386e-16,2.39139393797844e-13
"HLA-A",0.411661341738059,12.2949129618113,77.3433923985319,3.11983824183345e-16,3.45990061019329e-13
"MIF",-0.66552666542162,8.82521728380632,76.3343880103485,4.58576024650557e-16,5.08560811337467e-13
"PSME1",0.286456035351627,10.0899960314423,75.9863133409203,5.23799524347972e-16,5.80893672501901e-13
"RHOG",0.333254121469171,7.57605406135018,74.5264382869017,9.17713434649874e-16,1.01774419902671e-12
"PSMD8",0.331427508521812,7.55918838986301,74.3001216373584,1.00121109514887e-15,1.1103431045201e-12
"GSTK1",0.253561776420996,9.02823764016733,71.706765186689,2.72665750826534e-15,3.02386317666626e-12
"HLA-DPB1",0.576978623117985,9.12239155495939,71.1558923927551,3.3776309671125e-15,3.74579274252777e-12
"CIB1",0.299338938140365,8.64092450539365,71.1527241263326,3.38206470845377e-15,3.75070976167523e-12
"YWHAB",0.169271830790123,8.93688754121784,70.0029476247812,5.29424128486782e-15,5.87131358491841e-12
"HLA-DPA1",0.601189097252421,8.53450375001993,69.6450651740337,6.0897212935725e-15,6.75350091457191e-12
"DRAP1",0.342270758276343,8.76218686819542,68.88946290969,8.18586653485815e-15,9.07812598715768e-12
"IFITM2",0.474133156283475,10.0563234988082,68.8179104134741,8.41772022138328e-15,9.33525172551406e-12
"MIEN1",0.37182373254801,7.02532063410104,63.527548275693,6.84308718124718e-14,7.58898368400313e-11
"EIF2S3",-0.401202192030745,8.25408896190692,62.8633736547673,8.91711815556707e-14,9.88908403452388e-11
"PCBP2",-0.209705347053362,8.95352395929812,61.7501039773072,1.39385071867518e-13,1.54578044701077e-10
"REEP5",0.362524078603123,7.2605864127403,61.0269491022103,1.86639127720589e-13,2.06982792642133e-10
"KLRB1",-0.925667258790547,10.2724618127339,60.4450984499895,2.35853887316312e-13,2.6156196103379e-10
"ARPC4",0.347883444815387,8.12317339711365,59.9415150435876,2.8920500633268e-13,3.20728352022942e-10
"LST1",-0.364011222764298,7.70214428446018,59.6148276453686,3.30168515962631e-13,3.66156884202558e-10
"TC2N",-0.317410482892657,6.9987430193346,58.9792093830703,4.27539663804394e-13,4.74141487159073e-10
"UBB",0.251441271646326,10.8877494060644,58.3510173902861,5.51469281047323e-13,6.11579432681481e-10
"COX5A",0.286039919347722,8.04279311096595,58.2699414311531,5.70136492645199e-13,6.32281370343526e-10
"VIM",0.356517410651705,9.82721407321685,56.6777962219047,1.09225006715994e-12,1.21130532448037e-09
"CD53",0.308647712218694,8.89073002723855,56.2678234493489,1.29226657563709e-12,1.43312363238153e-09
"SH3BGRL",0.186393335638214,8.2777698949192,55.7819503787239,1.57780790818908e-12,1.74978897018169e-09
"MSN",0.289703047008708,8.13082479500556,55.3116322823421,1.9147275080397e-12,2.12343280641603e-09
"GZMH",1.01860141583301,10.3003242109622,55.1429833982341,2.05204366420466e-12,2.27571642360297e-09
"TAGLN2",0.32685467217637,8.69333968123967,54.22796715663,2.99398600434083e-12,3.32033047881398e-09
"NSD3",0.300821691551175,7.73932813538918,53.9684922159318,3.33406186877497e-12,3.69747461247144e-09
"IRF1-AS1",0.489739623028612,7.24422123260687,53.9443990401123,3.36871488303261e-12,3.73590480528316e-09
"CALM1",0.244366604573269,10.7999632114785,53.783847522599,3.59764220859667e-12,3.9897852093337e-09
"RAC2",0.288728221398602,9.15481636757216,53.6301269095709,3.8344065970679e-12,4.2523569161483e-09
"RHOA",0.192810097549261,8.78183520619448,52.2032955797934,6.93738728050351e-12,7.69356249407839e-09
"IFI16",0.375647283093618,8.2661809501496,51.5313866657847,9.1826566487055e-12,1.01835662234144e-08
"SET",-0.270504175544453,8.72061345870089,51.2886423018375,1.01622024897873e-11,1.12698825611741e-08
"PTPRCAP",0.271079786462514,10.2470062403022,50.361404350594,1.49839245775716e-11,1.66171723565269e-08
"MYL12B",0.323104342409681,9.78248160364274,49.7597253716479,1.92931297713278e-11,2.13960809164025e-08
"ARL6IP5",0.250661571641513,9.07753707885194,49.4485767277785,2.19930663677622e-11,2.43903106018482e-08
"CYCS",0.359769310814185,8.52302546951612,48.7341426757595,2.97265175183873e-11,3.29667079278915e-08
"HLA-C",0.394279680547303,12.3250591093566,48.4031051331394,3.41856645061438e-11,3.79119019373134e-08
"PPIA",0.158295313960825,10.0928164235245,48.2588390208767,3.63368068089205e-11,4.02975187510928e-08
"POLR2G",0.244471224448041,7.50018301846412,48.013963758464,4.03201112200632e-11,4.47150033430501e-08
"PSMB9",0.377658922759321,9.0954832752649,47.6443585437229,4.71408529968258e-11,5.22792059734798e-08
"TTC19",-0.288205823681333,7.24162706211724,47.536660289408,4.93655816527613e-11,5.47464300529122e-08
"SAT1",0.27032212252843,9.30535207031052,47.4225222149125,5.17922570192101e-11,5.7437613034304e-08
"CORO1A",0.261685401241357,10.2341055194816,47.1965936465342,5.70055502287093e-11,6.32191552036386e-08
"HLA-DRB1",0.610337063015171,8.6097412082061,46.9603723107304,6.30321259092167e-11,6.99026276333213e-08
"CLIC1",0.435488989521766,9.21566235413858,46.760031449009,6.8634951932142e-11,7.61161616927455e-08
"HADHA",-0.24794677935805,7.41017660515551,46.190349993534,8.75178669277496e-11,9.70573144228744e-08
"SH3BGRL3",0.359855557966785,11.2266692048249,45.5868236931004,1.13203687355293e-10,1.2554288927702e-07
"ZFP36",0.632945983811883,9.3292549524855,45.3841563256406,1.23458787478295e-10,1.3691579531343e-07
"SBDS",0.402990171249137,8.34803529883727,45.2745965420878,1.29397407949385e-10,1.43501725415868e-07
"ST13",-0.274658983885723,8.7448457858724,44.88301478604,1.53022806778686e-10,1.69702292717562e-07
"TRIR",0.192850362220304,9.00030917383264,44.5876194390767,1.73694335930009e-10,1.9262701854638e-07
"NKG7",0.649549024437385,12.1583414868857,44.5855148403517,1.7384267449353e-10,1.92791526013324e-07
"GNAS",0.213506936235686,7.91617802687721,44.3455927529872,1.92749324638517e-10,2.13759001024115e-07
"CCDC85B",0.222241656623412,8.16515824059345,43.7583592719268,2.48129887637698e-10,2.75176045390207e-07
"ARID4B",0.212162629217127,8.00123470990672,43.6305985454994,2.62178702892897e-10,2.90756181508223e-07
"IFI27L2",0.328956143820501,7.66183844105728,43.2065614344137,3.14823408113957e-10,3.49139159598379e-07
"PPP1CA",0.351630510139746,8.71167169998306,42.8612388515744,3.65395915440166e-10,4.05224070223144e-07
"CSDE1",-0.271802714652747,7.98705394420808,42.8462395672273,3.67806841954136e-10,4.07897787727137e-07
"CIRBP",-0.234589777221363,10.2072007092209,42.5754441670543,4.13446687464227e-10,4.58512376397828e-07
"UBC",0.283736750398989,10.7831502678345,41.7035385856649,6.03379177385935e-10,6.69147507721001e-07
"SVIP",-0.35467492323244,8.13873118235876,40.9149995350612,8.50406607752236e-10,9.4310092799723e-07
"AAK1",-0.315851156023858,8.36826365537913,40.4942441449822,1.02166556510946e-09,1.13302711170639e-06
"PHPT1",0.32308259430549,7.40713832200334,40.4217785860806,1.05475907639428e-09,1.16972781572126e-06
"FOXP1",-0.349837569845542,8.46660049217156,40.3327278086905,1.09631294764365e-09,1.21581105893681e-06
"CALR",0.344942968658866,8.4326672479296,40.1170613958876,1.20467710193668e-09,1.33598690604778e-06
"ENO1",0.244751391966334,8.9645029851651,40.1052663902152,1.21085210667766e-09,1.34283498630553e-06
"IDS",0.439117892484464,7.64071973643674,39.8077814168477,1.37944542682252e-09,1.52980497834618e-06
"LAMTOR2",0.310487415535158,7.14877633900094,39.7139281343371,1.43759454262213e-09,1.59429234776794e-06
"DYNLL1",0.474170636432138,7.71223296961203,39.6885512115279,1.45335108898819e-09,1.61176635768791e-06
"CD3G",0.184362444085115,9.56032614058349,39.5098373995331,1.57139010692283e-09,1.74267162857742e-06
"TTC3",-0.275789622358259,7.87481277531761,39.2315014645687,1.77566897457106e-09,1.96921689279931e-06
"CSNK2B",0.235204832987456,7.41399481322878,38.8808092508643,2.07160728382018e-09,2.29741247775658e-06
"BUD31",0.253783590410741,7.4457511762532,38.8076678841819,2.13926782807173e-09,2.37244802133155e-06
"H2AZ2",0.205770106487062,8.076115756294,38.8009458793781,2.14525903152393e-09,2.37909226596004e-06
"UFC1",0.171982396712449,8.41994120925361,38.4599943934583,2.49232275702028e-09,2.76398593753549e-06
"LGALS1",0.732448750879326,9.78812758145114,37.911763250371,3.1734114393124e-09,3.51931328619745e-06
"SNHG25",-0.429498189263054,8.24423283514951,37.9089095856995,3.17766667843176e-09,3.52403234638082e-06
"PDCD4",-0.206939530113293,8.11955820651492,37.7039669519334,3.47864322443282e-09,3.857815335896e-06
"S100A10",0.269380335768642,9.98635884370128,37.6999010469982,3.48454979076538e-09,3.8643657179588e-06
"TNRC6B",-0.213257092511408,8.56775960125278,37.579654523002,3.67487336932133e-09,4.07543456657736e-06
"ATM",-0.312892440036367,8.579583639715,37.5136566868078,3.78364928471858e-09,4.19606705675291e-06
"SNHG9",-0.464024641989083,7.68569885114544,37.3354342471932,4.09443466497425e-09,4.54072804345645e-06
"CHCHD2",0.208153201886506,9.78084303318874,37.321812213854,4.11846584377352e-09,4.56737862074484e-06
"TUBA1A",0.402856691882772,8.30200668903545,37.1102511429188,4.52313836342547e-09,5.01616044503884e-06
"ACTG1",0.254557316393927,10.3634424435504,37.0833062555993,4.57702693605529e-09,5.07592287208532e-06
"SF3B5",0.178341456697341,8.62675122497814,36.6168531393852,5.62878659572021e-09,6.24232433465372e-06
"CIAO2B",0.261505386078829,7.64084572682848,36.5860510205249,5.70709678799963e-09,6.32917033789159e-06
"PRDX1",0.230209380849372,7.56959728693067,36.2787981294246,6.54161048315525e-09,7.25464602581917e-06
"CARD16",0.355130546159754,8.03012731913297,36.1387155082473,6.96130442316805e-09,7.72008660529337e-06
"UFM1",-0.192548898041077,6.99255969507313,35.8064155511952,8.07298933068789e-09,8.95294516773287e-06
"TYROBP",-0.463081821044277,8.63155285420448,35.7850625026093,8.1472755703295e-09,9.03532860749542e-06
"CD2",0.298628540970128,9.45407849033576,35.750716387246,8.27258541488904e-09,9.17429722511194e-06
"HLA-F",0.223924638248539,8.69945710737258,35.3769748003968,9.77278360154783e-09,1.08380170141165e-05
"FBL",-0.274360291066105,8.33016277908763,35.3167398200748,1.00392684765262e-08,1.11335487404676e-05
"HSD17B11",-0.256263550108651,7.63978277180436,35.3144653576312,1.0050494213068e-08,1.11459980822925e-05
"RNF7",0.21564617670126,7.45774494853509,35.0295179500827,1.14150373662296e-08,1.26592764391486e-05
"SORL1",-0.239462096862161,7.15115246058574,35.0096468853874,1.15178006909688e-08,1.27732409662844e-05
"COX8A",0.20488743529147,9.02337909126199,34.9575538900555,1.1785785839143e-08,1.30704364956096e-05
"DCTN3",0.224406662533925,7.44606724635829,34.7802788652269,1.2760699630236e-08,1.41516158899317e-05
"ERP29",0.156559118670362,8.89512764992336,34.6710687440119,1.33971681372303e-08,1.48574594641884e-05
"DNAJA1",0.314870413879098,7.44764537112527,34.5073845710584,1.44187442221129e-08,1.59903873423232e-05
"CYTH1",-0.218850470457575,7.60607748861064,34.4092172239577,1.50660981247095e-08,1.67083028203028e-05
"FLNA",0.368315781350392,7.97831661908212,34.2554127203024,1.61405764471785e-08,1.78998992799209e-05
"CYTIP",0.27444767102813,8.1861722854503,33.9723030442932,1.83261837855671e-08,2.03237378181939e-05
"CAPZB",0.167529442350225,8.93484157260183,33.6182616313959,2.14850372160184e-08,2.38269062725644e-05
"RPA3",0.295657599127237,6.73728409401375,33.4138920489993,2.35666378970405e-08,2.61354014278179e-05
"MDM4",-0.283278278545378,7.54779982168162,33.2800481282931,2.50207929366923e-08,2.77480593667918e-05
"HNRNPA1",-0.203482019175255,11.0834821181626,33.0794015992817,2.73833340794971e-08,3.03681174941623e-05
"CD99-ENSG00000002586",0.367756850928988,9.3757227165325,32.9370370557388,2.91993629534123e-08,3.23820935153342e-05
"ANP32E",-0.169204869161155,7.47818400120459,32.503566508907,3.55178498905557e-08,3.93892955286262e-05
"ARPC2",0.216465027804535,10.1361959201062,32.500850673492,3.55549519378848e-08,3.94304416991142e-05
"NDUFS6",0.230601376831265,7.752636701534,32.4349818703695,3.6634553397399e-08,4.06277197177155e-05
"TLE4",-0.277814652466263,7.77887189698023,32.3434375965291,3.81823450247464e-08,4.23442206324437e-05
"SNRPB",0.183290683528624,8.38847260455489,32.2259778024423,4.02634669904679e-08,4.46521848924289e-05
"BCL11B",-0.291560731629474,7.71162963786496,32.1464190936234,4.17430003088274e-08,4.62929873424896e-05
"JUN",0.534806681338094,10.6326539484571,31.9729604059045,4.51482835434227e-08,5.00694464496558e-05
"CD44",-0.177770161693284,8.67114463114665,31.8335911856529,4.80937630954201e-08,5.33359832728209e-05
"BRWD1",-0.21560051945522,6.5389517199694,31.8000915387908,4.88569605419131e-08,5.41823692409817e-05
"MT-ND4",-0.248039051062976,12.8822628896981,31.6853293209075,5.14365670909411e-08,5.70431529038537e-05
"COTL1",0.252322122326312,8.70437212339965,31.626148372483,5.28385971718006e-08,5.85980042635269e-05
"CAST",0.300855836971466,8.24683060972312,31.6171259219847,5.30571007210343e-08,5.8840324699627e-05
"PPP1R12A",0.20706475989631,7.42028561469511,31.5825486008926,5.39031943836211e-08,5.97786425714358e-05
"MT-ND5",-0.278022075943852,11.0802664657794,31.3957056248726,5.8664077887378e-08,6.50584623771022e-05
"DBI",0.295595662491031,8.88363841591291,31.2801643618427,6.1828244082048e-08,6.85675226869912e-05
"PSMC5",0.206059794460463,7.87536355822969,31.2673144653388,6.21953811525038e-08,6.89746776981267e-05
"MPC2",0.20815233698658,6.96240271426089,31.1360807584011,6.6035464091182e-08,7.32333296771208e-05
"CLK1",0.28167823279664,7.9331435575123,31.1046985064477,6.69680897633627e-08,7.42676115475693e-05
"TOMM5",-0.360103528518873,6.84943223984707,31.040680510599,6.89656601537827e-08,7.6482917110545e-05
"PTP4A2",0.308911012915458,8.41377819608388,30.8922019984623,7.37642654362188e-08,8.18045703687666e-05
"SEC11A",0.163749164832079,7.71909093576651,30.7159479405717,7.99368834384685e-08,8.86500037332616e-05
"TMEM50A",0.252551063987888,8.04839107491966,30.7084968256003,8.02052696497755e-08,8.8947644041601e-05
"IL32",0.321456899287804,11.7949919840509,30.4047209447255,9.21147701870796e-08,0.000102155280137471
"PSMA3-AS1",-0.172542752469878,7.78264626075799,30.3973193044845,9.24370646039437e-08,0.000102512704645774
"CFL1",0.200485023667721,10.989199248766,30.3920715147881,9.26481308581304e-08,0.000102746777121667
"TRAPPC1",0.24357363438751,8.65115129218295,30.3330143966648,9.51834752802023e-08,0.000105558474085744
"HNRNPH1",-0.417876394196648,8.70044443198568,30.2482948975091,9.89371678143913e-08,0.00010972131910616
"TMBIM6",0.195914345287017,8.54635957370643,30.1449348095548,1.03721530938485e-07,0.00011502717781078
"RNF145",-0.298546417829873,7.35967638647789,30.0747858511363,1.07115841683631e-07,0.000118791468427146
"MT-CO2",-0.243539345345105,13.3564710129656,30.0252005733538,1.0955109776974e-07,0.000121492167426641
"S100A11",0.422763981558602,8.52326344053043,29.9324047982428,1.1430534086024e-07,0.000126764623014006
"ATP5F1B",0.215173691852077,7.8870455063976,29.835290817116,1.19504878955279e-07,0.000132530910761404
"LMAN2",0.278540159273162,7.48961401677749,29.7539905910391,1.24043748409869e-07,0.000137564516986545
"TUBB",0.193737781507637,7.32712550435354,29.5824543286701,1.34185553533721e-07,0.000148811778868897
"MORF4L1",-0.15088330463934,9.36025688958818,29.4908108627653,1.3991420375012e-07,0.000155164851958884
"GZMM",0.234970782278303,9.2782392460922,29.4814745285911,1.405145644283e-07,0.000155830651950984
"PPP1R15A",0.486193681185392,8.14217405986742,29.4668599347466,1.41467924768572e-07,0.000156887928568346
"RBMX",-0.193379245088543,8.16787167331777,29.426803608488,1.44087714794245e-07,0.000159793275706818
"TOMM7",-0.216852306124484,11.0638022006616,28.9736448331094,1.77389960433093e-07,0.0001967254661203
"ATP6V0E1",0.258179560827086,9.06705263106406,28.7387454115363,1.97623654217322e-07,0.00021916463252701
"RNF213",0.266360608138066,8.77172632210185,28.4525530276474,2.25453874669073e-07,0.000250028347008002
"EIF4B",-0.357792761072659,8.51416310129696,28.2841043916402,2.43654024512978e-07,0.000270212313184892
"CALM3",0.173360339296521,8.16392463690314,28.2530048020512,2.4717860263204e-07,0.000274121070318932
"POLD4",0.146767273820661,7.61983934211155,28.198635802296,2.53470553077887e-07,0.000281098843363377
"PCNP",-0.207385086178,8.09045314721048,28.0867265918622,2.66883980940547e-07,0.000295974334863066
"AURKAIP1",0.174053752267097,7.67996195323693,27.9647195346641,2.82360082303885e-07,0.000313137331275008
"HSPA8",0.213852171988866,9.38890563013125,27.8392569166631,2.99173965047368e-07,0.000331783927237532
"PABPC1",-0.265999058459535,10.6946761620143,27.8376864142012,2.9938779422815e-07,0.000332021063799018
"BNIP2",-0.196446928474231,6.83240368432157,27.8206851638852,3.01844716964784e-07,0.000334745791113946
"MT-CYB",-0.303388082520676,12.5018188461861,27.7556508331683,3.10955225829899e-07,0.000344849345445358
"RSL1D1",-0.265259403831727,8.59507164193251,27.5593064579547,3.40521821867515e-07,0.000377638700451074
"SF3B2",0.135062655067297,8.2088902525953,27.5088517347718,3.48573318398862e-07,0.000386567810104338
"SRSF6",-0.350424607529322,6.99293696690875,27.3083436761793,3.82554931253582e-07,0.000424253418760222
"SUPT4H1",0.207529131304973,7.3988731781437,27.1170132861054,4.17989357321129e-07,0.000463550197269132
"IL2RG",0.224830460587683,9.36186173804576,27.0233917852293,4.36474074485947e-07,0.000484049748604916
"PNN",0.213537964099453,8.26703432847689,26.9768137949999,4.46026913795384e-07,0.000494643847399081
"FAM107B",-0.18216724181073,8.17705400066742,26.7942739477345,4.85468980114123e-07,0.000538385098946562
"MYL6",0.236433697383269,10.8943650112417,26.6982471497029,5.07587504613492e-07,0.000562914542616363
"GZMB",0.752379332259932,9.11557539356885,26.593803879943,5.32844670949505e-07,0.000590924740083001
"EIF3L",-0.244295834208807,8.80125152416342,26.5395700159703,5.46454015660723e-07,0.000606017503367741
"TMSB10",0.159802136520468,13.6127741910171,26.4930946712815,5.58379540622539e-07,0.000619242910550396
"MGAT4A",-0.355139486655319,8.53164052802827,26.3320405305179,6.01852341838534e-07,0.000667454247098935
"ANXA2R",-0.236176965520229,7.19282058888544,26.2683417022666,6.20058233922997e-07,0.000687644581420604
"EMP3",0.286741069073646,9.95722671199262,26.2619749667067,6.21790814335569e-07,0.000689566013098146
"PIK3IP1",-0.394320801322863,8.66331124289899,26.2098326095343,6.37090283166339e-07,0.00070653312403147
"CD3D",0.198004823595842,11.0077785164799,26.1636226743505,6.50934666998195e-07,0.000721886545700998
"PPP4C",0.272231707475312,7.28761110348445,26.1178027711412,6.65097365958972e-07,0.0007375929788485
"EIF3M",-0.176354407305456,8.19953490061723,26.0926826873885,6.72845002649931e-07,0.000746185107938774
"SMIM27",-0.268477600419004,7.22615834413646,26.0615591031355,6.82758001115517e-07,0.000757178623237109
"MTPN",0.219511972298388,7.28993840001862,26.0454306953973,6.87911467399405e-07,0.00076289381734594
"BIRC2",-0.261134658593219,6.67646214191557,25.4687494716451,9.00585485930544e-07,0.000998749303896973
"ENY2",0.179700183475368,7.7295351419312,25.4043325787566,9.27906715176781e-07,0.00102904854713105
"ISG20",0.273979353746971,9.27294903475935,25.0400256609418,1.10036332934803e-06,0.00122030293224697
"NDUFA2",0.156668981287594,8.14239097442035,24.7713680806182,1.24814020072423e-06,0.00138418748260317
"MPHOSPH8",0.147504490698294,8.43340445687137,24.7025720243454,1.28907481117783e-06,0.00142958396559622
"CRIP1",-0.601331525823031,8.68562103688484,24.6847258159677,1.29990787818922e-06,0.00144159783691185
"SNRPD3",0.12520647253055,7.32489577880307,24.6819795553079,1.3017383005224e-06,0.00144362777527934
"PPIB",0.157872144587563,8.94747404410019,24.6710595064412,1.30826522381696e-06,0.001450866133213
"YWHAQ",0.27008126165901,8.17497421939742,24.6350037452906,1.33064302838204e-06,0.00147568311847569
"BTG2",0.414738848617467,7.81989056467413,24.4976996423337,1.41934167432834e-06,0.00157404991683013
"GNG5",0.238821686739259,7.76972841288269,24.4965845494078,1.42008541258873e-06,0.00157487472256091
"NOP10",0.293083539621925,7.84742008048671,24.4237350653357,1.46953919766974e-06,0.00162971897021575
"LRRFIP1",0.178683768320268,8.41492562847605,24.2318733011201,1.60824475785297e-06,0.00178354343645895
"SAMD3",0.270406613538038,8.06795832385223,24.206017389985,1.62796958262481e-06,0.00180541826713091
"CDC42SE2",-0.221979971450225,8.70786628139344,24.1504675251265,1.67104067947637e-06,0.00185318411353929
"ZC3HAV1",-0.22376221122999,7.5482989824047,24.126480929564,1.6901495137008e-06,0.00187437581069419
"U2AF1",0.147414220596333,8.0024400070341,24.0673995207433,1.73776103377522e-06,0.00192717698645672
"MATR3-ENSG00000015479",-0.168498980669439,8.03465495727644,23.9832074979462,1.8080594786572e-06,0.00200513796183083
"UBXN4",0.114095466038739,7.79179789623672,23.8785585123445,1.89951154821292e-06,0.00210655830696813
"RAC1",0.178865276885188,7.98188459273823,23.8195499401179,1.95307449870311e-06,0.00216595961906175
"ASH1L",-0.201461836168762,7.08736543768127,23.8018487300283,1.96966676189885e-06,0.00218436043894583
"CHMP4A",0.141869514899647,7.95390638970183,23.7596546318934,2.00903988440664e-06,0.00222802523180696
"AP2M1",0.209865084924679,7.75703627845164,23.7141860685842,2.052641066545e-06,0.00227637894279841
"ANKRD49",-0.25671397371761,6.86784441461875,23.6422041311579,2.1238768607892e-06,0.00235537943861523
"EMC4",0.206089983470158,6.9842132427463,23.6055542506444,2.16091404342842e-06,0.00239645367416212
"PDIA3",0.195629952652684,8.55446562749324,23.5820167262187,2.18466470699197e-06,0.0024227931600541
"MT-CO3",-0.218639954629606,13.373510626879,23.5468330344301,2.22120362356995e-06,0.00246331481853908
"ATP6V1F",0.210655736549615,8.1217593795763,23.5177803812691,2.25200379292535e-06,0.00249747220635422
"CHD2",-0.200870306307401,7.81430552426444,23.2456680661449,2.56117733706407e-06,0.00284034566680405
"GTF3C6",0.202145750191129,7.01990290880897,23.2098909222086,2.60522500152359e-06,0.00288919452668966
"HNRNPDL",-0.11476497883575,9.77028464696458,23.1834313169324,2.63754623811606e-06,0.00292503877807071
"PFDN5",-0.207985256530306,11.6255252759572,23.1823017854186,2.63894481620703e-06,0.0029265898011736
"CDC37",0.140672973501361,7.76738702347923,23.0442470652292,2.81737738838276e-06,0.00312447152371649
"MAP1LC3B",0.187213597939244,7.71999696243934,23.0371590218579,2.82686574586337e-06,0.00313499411216247
"PARK7",0.173509126163885,8.75302765284056,23.0094623021619,2.86402544122111e-06,0.00317620421431421
"SEM1",0.24664560686317,8.00263080238492,22.7921854142478,3.17477303368158e-06,0.00352082329435287
"PGK1",0.150779703024587,8.27145282253161,22.7015020786603,3.31425641048369e-06,0.00367551035922641
"BRK1",0.212115629919541,8.47934167228393,22.6428628022895,3.40774178108421e-06,0.00377918563522239
"ATP5PD",0.161406789389536,8.39695696450941,22.5726539204945,3.52323604829584e-06,0.00390726877756009
"ACAP1",0.191835369269169,8.65013808374213,22.5684351346732,3.53027439427081e-06,0.00391507430324633
"PKM",0.189846409850643,7.8567652585401,22.527492608416,3.59972760052235e-06,0.00399209790897929
"ZNHIT1",0.18803772531757,7.50540883992996,22.5218576797772,3.60949756732476e-06,0.00400293280216316
"TXN",0.313053276439453,8.15589701211165,22.4975502233857,3.65121162436002e-06,0.00404919369141526
"TUBA1B",0.243350733271074,8.24564881217101,22.4275704918892,3.7746186785394e-06,0.0041860521145002
"NENF",0.172578687906466,6.77933650624605,22.4139021813879,3.8000111823639e-06,0.00421421240124157
"DDX46",0.173132826141647,8.3218266652941,22.26998439795,4.06822296963503e-06,0.00451165927332525
"RSRP1",0.185529846531646,8.5876298824122,22.1727246561107,4.26083058540633e-06,0.00472526111921562
"IQGAP1",0.20881825618897,7.58929164329327,21.6999979930315,5.33752488390526e-06,0.00591931509625093
"SLC25A3",0.145864098326079,8.33975037185427,21.5942366690345,5.61354585032146e-06,0.00622542234800649
"ETFB",0.20356584953167,7.2156656134362,21.371720570023,6.24371123769798e-06,0.00692427576260706
"NDUFB1",-0.24985074114123,8.62182379818474,21.3144741967853,6.41624079255892e-06,0.00711561103894784
"UBE2L3",0.17692436552676,8.17225393642156,21.3025635790629,6.45299778841523e-06,0.00715637454735249
"METAP2",-0.168491449436094,7.5500419762798,21.1690737194683,6.87878163586045e-06,0.00762856883416924
"SRP19",0.188240375394666,6.90365713395676,21.0341257154325,7.33864552250942e-06,0.00813855788446294
"POLR2F",0.17368757168425,7.48395662943128,20.9911452663404,7.4905419397414e-06,0.00830701101117322
"RAP1A",0.116273924901799,7.88886397813197,20.9484840967794,7.64494270687859e-06,0.00847824146192836
"LAMTOR5",0.207857023857726,7.8647673391037,20.895135818675,7.84291962854107e-06,0.00869779786805204
"HNRNPM",-0.143259665951642,8.7494018858481,20.8090711157285,8.17298033751409e-06,0.00906383519430312
"TMEM160",0.16882807857105,7.78327745050041,20.8009310876754,8.2053031599999e-06,0.00909968120443989
"GUK1",0.157409688270353,9.28349965899787,20.7961840660314,8.22357410737523e-06,0.00911994368507913
"ANAPC11",0.165238466298617,7.76480194602633,20.7266372020877,8.50298665806783e-06,0.00942981220379723
"ITGB1",0.482165165060862,8.23991167284539,20.5829263029405,9.10995873250374e-06,0.0101029442343467
"H3-3A",0.101469341729599,10.6089403810007,20.5764711315989,9.13791058220036e-06,0.0101339428356602
"SRSF5",0.151863384726263,10.1684265369954,20.5564577267499,9.22616841787643e-06,0.010231820775425
"ATP5MC3",0.148920215044107,8.53950238375163,20.5525475192747,9.24369572326161e-06,0.0102512585570971
"KRTCAP2",-0.283374707987319,8.12011181898989,20.5275556710039,9.35544766135013e-06,0.0103751914564373
"MDH2",0.180439166532731,7.67533128843939,20.5123369488016,9.4243887258873e-06,0.010451647097009
"PRDX5",0.181181944711018,8.05747857639085,20.3518851594364,1.01795946137049e-05,0.0112891704265988
"COX14",0.176308889476368,7.96137508353465,20.1239208328314,1.13596915226457e-05,0.0125978978986141
"SIGIRR",0.150719026935031,7.60312869656267,20.074918404447,1.16312191024872e-05,0.0128990219846583
"BAX",0.200033196798811,8.13184299771092,19.8966010101565,1.26743500768543e-05,0.0140558542352314
"MCL1",0.218295175861462,7.7178311595972,19.8683258739026,1.2848658109351e-05,0.0142491618432703
"TRA2A",-0.163933917902047,7.76988135727273,19.8565934274538,1.29214546259757e-05,0.014329893180207
"PAXX",0.139183968694524,8.47000292340214,19.7488797996305,1.36101590312028e-05,0.0150936663656039
"ARPC1B",0.173872306220587,9.41839932033972,19.7475128870748,1.36189160692635e-05,0.0151033779208132
"RNF181",0.250097077827348,7.31846316485689,19.7090452226509,1.3875418640789e-05,0.0153878392726349
"TMED9",0.235851305820727,7.52275085238081,19.7041258988754,1.39080759275288e-05,0.0154240562036295
"RAN",0.151796333239335,8.51318000607744,19.6465814663588,1.42990497050317e-05,0.0158576461228801
"CST7",0.386547632053043,9.9553852389952,19.6264604694686,1.44383890325051e-05,0.0160121734370482
"LSM8",0.136106797403328,7.97389429761741,19.6025478630469,1.46066723661389e-05,0.016198799654048
"EZR",0.220694769560982,8.01942152844616,19.5567626557491,1.49332750861994e-05,0.0165610020705951
"OAZ1",0.151328248752171,10.4839598309617,19.4902342241118,1.54205044312037e-05,0.0171013394142049
"SSB",0.113836865279787,7.82710900237444,19.4287904203435,1.58861563890819e-05,0.0176177474354918
"SEC62",-0.163656116396536,8.91780999961226,19.4230143948316,1.5929986688615e-05,0.0176663552376741
"CDC42SE1",-0.307390379444099,8.18327180822599,19.2144467539552,1.76215617488856e-05,0.0195423119795142
"NONO",-0.146424962760271,7.19089402870156,19.1333404149407,1.83287234539569e-05,0.0203265543104382
"TAPBP",0.141059947717704,7.99163980936736,19.0875336231211,1.87387991239261e-05,0.020781328228434
"EIF3E",-0.237822607250454,10.4364811948613,19.0512888486236,1.9070041578874e-05,0.0211486761109713
"MORF4L2",-0.128857395996804,6.87975284526443,18.7590893728196,2.19768151325483e-05,0.0243722879819961
"GNG2",0.216516169303959,7.20917559078584,18.5889791481098,2.38687250529284e-05,0.0264704160836976
"WAS",0.144358288855685,7.35396578767706,18.4915067520389,2.50264373655027e-05,0.0277543190383425
"HIGD2A",0.152525050062541,9.02292271110315,18.3477714145465,2.68371093253663e-05,0.0297623542418312
"ANXA2",0.325633144697303,7.71803485548582,18.1093188071187,3.01436686897267e-05,0.0334293285769069
"MT-ATP6",-0.240736333095849,12.596777003694,17.9821711856602,3.2070099106457e-05,0.0355657399090609
"TES",-0.188610874695337,6.86137602219323,17.9587305256831,3.24434723887223e-05,0.035979810879093
"EIF6",0.170241835812899,7.05960734971741,17.8954957121763,3.34594410195091e-05,0.0371065200906356
"IL7R",-0.294791651359287,9.92679905142615,17.8572174830382,3.40867499430684e-05,0.0378022056868628
"RAB5IF",0.277261052265176,7.25598851824762,17.8403622867141,3.43715267325235e-05,0.0381180231463685
"ARGLU1",-0.120399345269074,9.19927221501132,17.8303967969731,3.45362592043665e-05,0.0383007114576425
"SRSF7",0.209604472792509,9.48996091341758,17.7605924607005,3.57339627847523e-05,0.0396289647282903
"MTDH",0.119148722633186,8.32595402788567,17.72945535908,3.62823902083684e-05,0.0402371707410806
"ITGB2",0.269275366680157,9.13194307171269,17.7098609922666,3.66309656665859e-05,0.0406237409242437
"OGA",-0.168922488228962,7.66832878840036,17.6663172788083,3.74204720893161e-05,0.0414993035470516
"KRAS",0.170040756548114,6.86325777198301,17.6510266271782,3.77048168321478e-05,0.0418146418668519
"RALY",0.152959694453821,7.37044590715944,17.6470811979609,3.7775004826905e-05,0.0418924803530376
"TNFAIP3",0.440463343811147,8.38133893977817,17.4625857599708,4.13407664802778e-05,0.0458469100266281
"S100A6",0.210831218624447,11.3434238100102,17.4099623373468,4.24187255273339e-05,0.0470423666098133
"IFITM1",-0.572591834929968,9.22618043943604,17.386513266424,4.29089449836425e-05,0.0475860199868595
"ALDOA",0.158241408278305,9.34930049855264,17.3430679525451,4.38317164596562e-05,0.0486093735537587
"CCDC107",0.201538748677081,7.12019158661929,17.2932118445836,4.49198560235429e-05,0.0498161203301091
