"","p_val","avg_log2FC","pct.1","pct.2","p_val_adj"
"GZMH",0,-1.23615027560939,0.267,0.466,0
"MT-ND4L",0,0.708519302580814,0.555,0.371,0
"ISG15",0,-1.40130018519648,0.192,0.355,0
"IL7R",0,0.501733724889032,0.566,0.404,0
"LTB",0,0.137160345559938,0.637,0.5,0
"MIF",0,0.518931541023664,0.408,0.271,0
"LY6E",0,-0.839064522402186,0.405,0.538,0
"IFITM1",0,0.296331638785805,0.432,0.301,0
"IFI6",0,-1.32832422116946,0.162,0.292,0
"PABPC1",0,0.383040908233137,0.764,0.648,0
"EIF4B",0,0.562538571512228,0.358,0.243,0
"PIK3IP1",0,0.576572046041555,0.364,0.249,0
"NOSIP",0,0.4494530019474,0.406,0.293,0
"EEF2",0,0.375372828813715,0.685,0.574,0
"ATM",0,0.481984572757274,0.364,0.255,0
"EIF3E",0,0.363529158966861,0.702,0.593,0
"NAP1L1",0,0.349461736194112,0.595,0.489,0
"SNHG8",0,0.377479720413934,0.464,0.359,0
"GZMB",0,-0.971087578370792,0.191,0.295,0
"LGALS1",0,-0.962259575866152,0.32,0.423,0
"ETS1",0,0.377213225110569,0.392,0.29,0
"CIRBP",0,0.292537888580651,0.706,0.604,0
"KLRB1",0,1.022811857745,0.335,0.235,0
"CD69",0,-0.519002615855451,0.406,0.506,0
"MT-ND5",0,0.375228166458767,0.847,0.749,0
"AAK1",0,0.401900339381021,0.333,0.237,0
"SNHG32",0,0.306419573580715,0.45,0.356,0
"TCF7",0,0.522914894679374,0.275,0.181,0
"KLF6",0,-0.714619332308883,0.29,0.383,0
"EEF1B2",0,0.430036405347237,0.839,0.746,0
"EIF2S3",0,0.483351156892977,0.301,0.209,0
"FBL",0,0.455717575337145,0.317,0.225,0
"SARAF",0,0.215216611443723,0.668,0.577,0
"EIF3L",0,0.369849437815623,0.393,0.302,0
"GZMA",0,-0.505552486813238,0.456,0.547,0
"TYROBP",0,0.462288344770694,0.31,0.219,0
"HLA-DPB1",0,-0.676414452249385,0.322,0.413,0
"IFITM2",0,-0.523495441170638,0.513,0.604,0
"ST13",0,0.388633320851917,0.374,0.284,0
"CCNI",0,0.268948959522987,0.503,0.414,0
"RSL1D1",0,0.406575741131527,0.345,0.256,0
"SNHG25",0,0.436456414370292,0.29,0.201,0
"ATF7IP2",0,0.674203525656685,0.225,0.137,0
"FOXP1",0,0.440374208943926,0.315,0.227,0
"CST7",0,-0.460974588396174,0.411,0.498,0
"RIPOR2",0,0.298205942420425,0.396,0.309,0
"NOP53",0,0.233437584264133,0.705,0.618,0
"NCL",0,0.275012300615903,0.517,0.431,0
"NPM1",0,0.31912639827859,0.785,0.701,0
"SELL",0,0.221370702032051,0.358,0.276,0
"HNRNPA1",0,0.319301795816,0.843,0.763,0
"CRIP1",0,0.263720559050068,0.304,0.225,0
"PCBP2",0,0.23434685672998,0.419,0.34,0
"PSME2",0,-0.51674061006014,0.348,0.426,0
"SET",0,0.265703657109881,0.361,0.284,0
"HLA-DPA1",0,-0.687800249746374,0.231,0.308,0
"CLIC1",0,-0.494306301737684,0.343,0.42,0
"NKG7",0,-0.760715733072085,0.618,0.695,0
"TOMM7",0,0.34256992557248,0.854,0.777,0
"GADD45B",0,0.429283775408167,0.29,0.214,0
"TMEM123",0,0.288457884238909,0.347,0.271,0
"HNRNPH1",0,0.272299868040396,0.321,0.246,0
"LYZ",0,0.197296998740042,0.38,0.309,0
"GNLY",0,0.0762938693400299,0.481,0.411,0
"CD99-ENSG00000002586",0,-0.449232736221466,0.381,0.45,0
"S100A8",0,0.096558808953938,0.496,0.427,0
"HLA-DRB1",0,-0.742211887936317,0.23,0.299,0
"TTC3",0,0.401427963540845,0.238,0.17,0
"PDCD4",0,0.299867226946868,0.27,0.203,0
"ANXA1",0,-0.368281369283907,0.382,0.446,0
"CSDE1",0,0.320914409929866,0.253,0.189,0
"FOS",0,-0.130524572060522,0.629,0.567,0
"SLC38A1",0,0.333647838676171,0.234,0.172,0
"ITGB1",0,-0.694485659361071,0.171,0.233,0
"MYL12B",0,-0.379689875631359,0.504,0.565,0
"ZFP36",0,-0.605941943517687,0.332,0.392,0
"BCL11B",0,0.360981996000613,0.211,0.152,0
"LST1",0,0.353142270869309,0.211,0.152,0
"ZC3HAV1",0,0.344140976012283,0.195,0.141,0
"BST2",0,-0.560344614694843,0.186,0.24,0
"PSMB9",0,-0.401468716809725,0.355,0.409,0
"SRGN",0,-0.333805302363394,0.537,0.591,0
"SMAP2",0,0.373141284749972,0.171,0.118,0
"PIP4K2A",0,0.207348679337645,0.229,0.178,0
"CYTH1",0,0.249668385688048,0.204,0.153,0
"DBI",0,-0.390292839347938,0.317,0.368,0
"EMP3",0,-0.351731768418018,0.534,0.583,0
"SH3BGRL3",0,-0.419299039336689,0.783,0.832,0
"CD8A",0,-0.412133626589021,0.288,0.332,0
"DRAP1",0,-0.359340398811189,0.307,0.351,0
"S100A11",0,-0.467647619072095,0.247,0.291,0
"MT-CYB",0,0.389458656084483,0.972,0.928,0
"PFDN5",0,0.197526095613783,0.931,0.888,0
"PPP1CA",0,-0.363844020156393,0.296,0.339,0
"SUB1",0,-0.313119207260784,0.507,0.549,0
"MT-ND1",0,0.180027286859998,0.913,0.873,0
"ARPC3",0,-0.29835436697133,0.543,0.583,0
"PSME1",0,-0.296696922174352,0.586,0.625,0
"MT-ND3",0,0.602930633585163,0.98,0.942,0
"MT2A",0,-0.370614032818247,0.37,0.408,0
"GAPDH",0,-0.325590644262148,0.643,0.679,0
"HLA-DRA",0,-0.134094453955527,0.328,0.293,0
"JUN",0,-0.429961873684106,0.501,0.536,0
"PLAAT4",0,-0.308213839705267,0.429,0.464,0
"RACK1",0,0.187198827806726,0.922,0.887,0
"CYBA",0,-0.274280358167164,0.749,0.783,0
"IL32",0,-0.323870863264835,0.859,0.893,0
"MYL6",0,-0.298198717335587,0.76,0.794,0
"S100A10",0,-0.302203204187872,0.552,0.584,0
"S100A4",0,-0.402256002953445,0.853,0.881,0
"HSP90AA1",0,-0.247033519278981,0.569,0.596,0
"JUNB",0,-0.170587409691328,0.778,0.751,0
"IL2RG",0,-0.269575143511044,0.43,0.456,0
"CALM1",0,-0.248110500544964,0.74,0.765,0
"ITGB2",0,-0.271495933363121,0.375,0.399,0
"CD2",0,-0.29407662073021,0.434,0.457,0
"MT-ATP6",0,0.28039978944612,0.98,0.957,0
"CTSW",0,-0.263190356998277,0.486,0.508,0
"MYL12A",0,-0.276744772293378,0.817,0.839,0
"UBB",0,-0.248713718124523,0.773,0.795,0
"ARPC2",0,-0.234634383873459,0.606,0.626,0
"TPT1",0,0.312761205973983,0.959,0.94,0
"UBC",0,-0.269081747140517,0.738,0.757,0
"MT-ND2",0,0.261734016668782,0.973,0.955,0
"S100A6",0,-0.286566266377808,0.835,0.853,0
"MT-ND4",0,0.320459169725264,0.988,0.972,0
"HCST",0,-0.185263641880661,0.784,0.799,0
"CXCR4",0,-0.224741946188118,0.721,0.707,0
"PFN1",0,-0.248167528383341,0.881,0.895,0
"UBA52",0,0.189604079060683,0.968,0.954,0
"TSC22D3",0,-0.323738513859368,0.69,0.702,0
"PTPRCAP",0,-0.199680732478708,0.636,0.647,0
"HLA-A",0,-0.353503954156198,0.937,0.948,0
"CD3D",0,-0.212146317429052,0.8,0.81,0
"CFL1",0,-0.207839137525933,0.791,0.8,0
"HLA-C",0,-0.34347832857299,0.934,0.942,0
"PTMA",0,0.127616160600422,0.989,0.982,0
"DUSP1",0,-0.213705671068489,0.538,0.544,0
"MT-CO3",0,0.291817503031544,0.994,0.988,0
"VIM",0,-0.17734018135832,0.519,0.514,0
"CORO1A",0,-0.171522809830163,0.634,0.638,0
"EEF1A1",0,0.302644913505277,0.992,0.988,0
"MT-CO2",0,0.269915569694803,0.997,0.993,0
"CD52",0,-0.246740361583714,0.931,0.929,0
"MT-CO1",0,0.0968083433253879,0.996,0.994,0
"TMSB10",0,-0.145846499267797,0.996,0.997,0
"B2M",0,-0.306879426163301,1,1,0
"TMSB4X",0,-0.270404783646006,1,1,0
"KRTCAP2",4.94065645841247e-324,0.162302579848199,0.257,0.206,1.00226156915355e-319
"SVIP",2.47032822920623e-323,0.376969622801951,0.257,0.191,5.01130784576776e-319
"C12orf75",5.43472210425371e-323,-0.434997201155092,0.252,0.307,1.10248772606891e-318
"CD74",6.96632560636158e-322,-0.0863163811369243,0.582,0.54,1.41318881250651e-317
"CHCHD2",1.08052156745481e-320,-0.19126435673403,0.545,0.563,2.19194605173882e-316
"NDUFB1",4.75242732865987e-318,0.203871298388852,0.337,0.273,9.64077407891941e-314
"ISG20",6.75075488376812e-318,-0.260598559426069,0.403,0.425,1.3694581357212e-313
"PPDPF",9.08479416584432e-316,0.181876389990237,0.595,0.514,1.84294134448318e-311
"PRKCQ-AS1",4.15642716134531e-312,0.394505325584668,0.238,0.174,8.4317281395051e-308
"SAT1",6.12295826455104e-310,-0.267789997009233,0.398,0.416,1.24210331354682e-305
"DDX17",1.06443879002465e-309,0.244535833387288,0.265,0.207,2.15932052944401e-305
"CST3",2.8025651030539e-309,0.186018223899066,0.23,0.182,5.68528356805515e-305
"CYCS",3.98672505776092e-309,-0.398345135632358,0.252,0.297,8.0874704521738e-305
"HNRNPD",1.63323163901183e-308,0.301163442696151,0.186,0.137,3.31317370289939e-304
"SON",1.01732369756849e-307,0.146575672605846,0.596,0.519,2.06374285288743e-303
"NACA",5.05008000716668e-306,0.172076964944212,0.896,0.857,1.02445923025383e-301
"ACTB",6.3744541812953e-305,-0.176615537347287,0.965,0.968,1.29312177521757e-300
"TNRC6B",2.14486534660146e-302,0.253379186297866,0.332,0.264,4.35107384211573e-298
"RBMX",4.46477101417374e-302,0.261615127771759,0.27,0.21,9.05723447935285e-298
"CMPK1",1.63172891551341e-301,0.207252655488914,0.283,0.226,3.31012527801051e-297
"CHD2",2.20618439316101e-301,0.302940810264512,0.226,0.17,4.47546565996643e-297
"MBNL1",3.11121587191972e-301,0.164221968771906,0.332,0.274,6.31141251777634e-297
"MATR3-ENSG00000015479",3.34181718294031e-301,0.24845589315537,0.256,0.2,6.77921033731271e-297
"ZFAS1",7.46138449540921e-301,0.221231124324635,0.541,0.461,1.51361645873871e-296
"COX4I1",1.04866974425887e-300,0.193917762693814,0.831,0.772,2.12733144320354e-296
"ATP6V0E1",5.37472156444166e-300,-0.27957643348859,0.377,0.411,1.09031601656263e-295
"FAM107B",9.0235180722616e-300,0.234612682267193,0.273,0.215,1.83051087613899e-295
"RNF213",4.5825457642159e-299,-0.196585913719374,0.336,0.334,9.29615233728837e-295
"UXT",7.97669354822286e-298,0.234841121161167,0.453,0.376,1.61815205319249e-293
"IFI16",2.77996153930023e-296,-0.366631923981848,0.229,0.254,5.63942997862445e-292
"PTP4A2",3.10691134018287e-295,-0.314253483825871,0.256,0.275,6.30268034469496e-291
"TTC19",7.48748947877682e-295,0.348180934623693,0.165,0.118,1.51891211566466e-290
"GZMM",1.842694280135e-294,-0.259509907194786,0.407,0.437,3.73808961668186e-290
"ACTG1",2.32270889169882e-294,-0.110276636321047,0.647,0.623,4.71184725770022e-290
"CDC42SE2",8.82662720702694e-294,0.17138201212433,0.353,0.292,1.79056959521748e-289
"NDFIP1",3.85669372975062e-290,0.31875345934621,0.269,0.206,7.8236889001721e-286
"OGA",1.6503502839775e-288,0.211522413452135,0.207,0.162,3.34790058607676e-284
"NFKBIA",6.06893461177333e-288,-0.149804311539415,0.42,0.405,1.23114407534434e-283
"TLE4",3.13010110974721e-287,0.283577639957762,0.209,0.157,6.3497231112332e-283
"PRF1",1.79577327243915e-286,-0.454085536414427,0.191,0.223,3.64290566047007e-282
"ATP5ME",3.21051301563192e-285,0.09744717669308,0.488,0.425,6.51284670351091e-281
"PSMA7",3.70113148342915e-285,-0.288065524914805,0.344,0.376,7.50811532728437e-281
"HSP90AB1",1.55970628140784e-284,0.195984559906656,0.598,0.519,3.16402016246394e-280
"TNFAIP3",4.43497394204759e-284,-0.350771111640721,0.221,0.241,8.99678813883775e-280
"LDHB",1.85732957132553e-283,0.229032601465905,0.578,0.498,3.76777876839098e-279
"SNHG9",5.08650534128858e-283,0.318645658267291,0.197,0.146,1.0318484735338e-278
"CWF19L2",1.82478028751151e-282,0.223355644510512,0.178,0.136,3.70174929124584e-278
"CD53",3.89655372474008e-280,-0.248422428631587,0.345,0.366,7.90454888600772e-276
"CELF2",4.59884270336093e-280,0.160399055961013,0.297,0.244,9.32921230803798e-276
"SRSF6",3.88244628671187e-278,0.338447579544815,0.135,0.096,7.8759305372237e-274
"FLNA",9.80031615886159e-277,-0.41208946257666,0.189,0.217,1.98809213598666e-272
"OAZ1",8.4650542915118e-276,-0.130869718290753,0.713,0.712,1.71722091357608e-271
"TC2N",8.78969767936807e-276,0.371476089955758,0.14,0.098,1.78307807123661e-271
"RESF1",1.20246630241383e-275,0.240519047124656,0.239,0.187,2.43932314107669e-271
"MDM4",3.78090732800346e-275,0.248175950186065,0.182,0.137,7.66994860558781e-271
"CHURC1",5.28437326429271e-273,0.181873424253568,0.262,0.211,1.07198796039442e-268
"ZFP36L2",3.6409996111075e-272,0.0498428015069581,0.714,0.649,7.38613181109268e-268
"EIF3H",3.73372267171673e-271,0.241640083197426,0.49,0.414,7.57422981184456e-267
"SP100",3.73474780131675e-271,-0.324303896955758,0.234,0.256,7.57630938975116e-267
"SEC62",9.34456132190229e-271,0.176894973418768,0.397,0.333,1.8956377097611e-266
"SORL1",1.38705491149075e-270,0.325027626320674,0.15,0.108,2.81377959345013e-266
"COX7C",2.12836431038299e-269,0.16105262739319,0.848,0.793,4.31759984004293e-265
"ALOX5AP",3.86924350120095e-268,-0.481947993537278,0.171,0.207,7.84914736653624e-264
"CD7",6.10017322557765e-267,0.148429675146008,0.46,0.395,1.23748114054068e-262
"SRSF7",7.71088188685056e-265,-0.145402848889065,0.46,0.453,1.5642294995665e-260
"ARGLU1",1.18190041786065e-264,0.231140497166744,0.462,0.389,2.39760318767211e-260
"PSMB8",3.5555406107974e-263,-0.352492072328824,0.244,0.279,7.2127696830636e-259
"COX8A",7.55643080182919e-263,-0.236408494417018,0.372,0.395,1.53289755245907e-258
"PLAC8",9.83597001909143e-262,0.0708889854757082,0.368,0.319,1.99532487807289e-257
"CD44",1.14810118329646e-261,0.229283335333292,0.352,0.288,2.32903806043521e-257
"RBM3",5.38739338681978e-261,0.176989104166874,0.475,0.406,1.09288662245026e-256
"LDHA",1.56140887740916e-260,-0.338587005442412,0.256,0.291,3.16747404871222e-256
"HADHA",7.70976599773176e-260,0.350134567785477,0.18,0.132,1.56400313029987e-255
"DDX3X",8.69714097506222e-260,0.232738836600128,0.186,0.144,1.76430201820112e-255
"MORF4L1",9.96568918245441e-260,0.170800632360068,0.496,0.426,2.0216397075527e-255
"TXN",1.22656533349352e-259,-0.445916683843556,0.198,0.247,2.48821043552496e-255
"ARL6IP5",4.23996948839311e-259,-0.236942226078536,0.381,0.403,8.60120210415426e-255
"ASH1L",9.05058444095286e-258,0.308244102570671,0.147,0.107,1.8360015596917e-253
"PCSK7",1.63571576692185e-257,0.20610590339661,0.246,0.197,3.31821300477767e-253
"TAGLN2",7.74053733087043e-257,-0.276734072012239,0.298,0.32,1.57024540294037e-252
"CDC42SE1",9.57311931059663e-255,0.145458186839602,0.241,0.195,1.94200298334763e-250
"COMMD6",1.16238941428911e-254,0.168871337860518,0.763,0.696,2.35802316582689e-250
"ARHGDIB",2.95725684267769e-254,-0.0557251592730621,0.773,0.746,5.99909123105595e-250
"ZFP36L1",2.07745131637158e-253,0.1637202823193,0.21,0.169,4.21431774039139e-249
"NONO",2.5379107340902e-253,0.254611470471249,0.155,0.117,5.14840571517539e-249
"SRP14",1.44258799166808e-252,-0.11512029449455,0.719,0.716,2.92643399989787e-248
"ANXA6",1.04782237489381e-251,-0.390656838723722,0.204,0.238,2.12561246970959e-247
"HNRNPU",1.79656700435488e-251,0.194611095335718,0.332,0.274,3.64451582503431e-247
"PRKACB",8.24354845362965e-251,0.178802217361125,0.128,0.098,1.67228623930331e-246
"SLC25A6-ENSG00000169100",5.19178397619205e-250,0.146854699393881,0.695,0.625,1.05320529741032e-245
"PSAP",1.80731504483009e-249,0.110444780592912,0.29,0.246,3.66631929994232e-245
"EIF1AX",4.58086037283454e-248,0.218357912262093,0.272,0.219,9.29273335233214e-244
"RAC2",3.22475409359052e-247,-0.180406350022141,0.403,0.413,6.54173615425772e-243
"FNBP1",6.27622607600163e-247,0.169889848618897,0.323,0.269,1.27319522177769e-242
"ANAPC16",6.72379172473797e-247,0.178852876959711,0.426,0.362,1.36398838928034e-242
"HNRNPM",2.33759074102847e-246,0.156914377841235,0.36,0.304,4.74203657725035e-242
"PSMA3-AS1",4.55149638391127e-246,0.262536654627575,0.216,0.168,9.23316556440239e-242
"PAK2",9.58629586871393e-246,0.160382994487638,0.188,0.151,1.94467597992731e-241
"PSMB10",1.57787357048506e-245,0.102228363336218,0.14,0.113,3.200874325086e-241
"ACTR2",5.43745400113399e-244,0.117147120232295,0.201,0.166,1.10304191867004e-239
"MGAT4A",1.91115744242069e-241,0.304386838706716,0.313,0.251,3.87697398769461e-237
"SCAF11",7.97889375311518e-240,0.123580588336666,0.243,0.202,1.61859838675694e-235
"BTF3",1.05066458363377e-239,0.152154000527885,0.83,0.774,2.13137817435947e-235
"PA2G4",1.62410047542484e-239,0.149467822899878,0.287,0.24,3.29465022444683e-235
"HSD17B11",6.95087162114564e-239,0.299752829687663,0.201,0.153,1.4100538170656e-234
"SERP1",8.10910037172103e-239,0.155656029342647,0.413,0.353,1.64501210140733e-234
"COX5B",1.72497841286275e-238,-0.173169009145521,0.466,0.478,3.49929120833338e-234
"TRA2A",8.64953258051827e-238,0.192628085080316,0.208,0.167,1.75464417928394e-233
"PPP1R15A",5.83888390192876e-237,-0.35072111409954,0.198,0.22,1.18447598834527e-232
"COX6A1",5.25381382826696e-236,-0.215329749275723,0.374,0.392,1.06578867320224e-231
"PPP1R2",2.77109368967299e-235,0.238788548840784,0.24,0.191,5.62144065887064e-231
"GSTP1",3.95837620725057e-235,-0.253573302731575,0.326,0.351,8.0299619740285e-231
"GZMK",4.7495353923601e-235,0.0178404785579875,0.3,0.26,9.6349074969417e-231
"ATP6V1G1",3.42700604235903e-234,0.154544731683425,0.542,0.476,6.95202445752953e-230
"DYNLL1",6.06474718077987e-233,-0.511032850690801,0.145,0.184,1.230294613093e-228
"EIF3M",6.29534190904767e-233,0.254289661604467,0.277,0.221,1.27707305966941e-228
"EIF5A",1.26155884798866e-232,0.18250051298701,0.297,0.245,2.55919827902979e-228
"TNFAIP8",2.75943733141511e-232,0.190416068057634,0.206,0.165,5.59779457050869e-228
"LSP1",7.98880257554944e-232,-0.146902583183141,0.401,0.401,1.62060849047596e-227
"AIF1",8.79460805992998e-232,0.18563372290326,0.29,0.238,1.7840741910374e-227
"ENO1",1.49603396108007e-231,-0.169551481707131,0.366,0.372,3.03485449344703e-227
"MSN",1.13149517140852e-230,-0.257983201388768,0.228,0.239,2.29535110471932e-226
"RICTOR",2.08116450909844e-230,0.231235200615499,0.147,0.112,4.2218503231571e-226
"TES",2.39209707811624e-230,0.187015347526642,0.123,0.094,4.85260813266659e-226
"HP1BP3",1.6669341831438e-228,0.126278011999263,0.278,0.235,3.38154268392551e-224
"TCEA1",3.55766624159214e-228,0.127066640675187,0.252,0.211,7.21708173769381e-224
"DUSP2",5.47213229406397e-228,-0.285889825930877,0.408,0.443,1.11007675717382e-223
"SF1",3.22436819717257e-227,0.182165279296893,0.357,0.3,6.54095332478427e-223
"YTHDC1",2.40996671755412e-226,0.204886704874702,0.176,0.139,4.8888584832303e-222
"SF3B1",2.47639673646112e-226,0.107661412731556,0.264,0.224,5.02361841958503e-222
"SRRM2",1.05491085707242e-225,0.155441091785636,0.288,0.241,2.13999216465711e-221
"EEF1D",1.22266332187062e-225,0.128496561130011,0.905,0.864,2.48029481474673e-221
"METAP2",1.51211129578539e-225,0.196973124486367,0.181,0.143,3.06746897463025e-221
"HNRNPDL",4.74349397774681e-225,0.150532162770508,0.589,0.522,9.62265188325719e-221
"NDUFA3",1.53780920951352e-224,0.0247776069942636,0.372,0.334,3.11959976241913e-220
"CARD16",2.31656329089761e-224,-0.416658076073579,0.188,0.224,4.69938029191489e-220
"C11orf58",4.7559376871521e-224,0.111600994461588,0.381,0.33,9.64789519215674e-220
"TRAM1",5.73018579546217e-224,0.16797934118426,0.221,0.181,1.16242549046746e-219
"NSA2",9.89407859321762e-224,0.181491437962251,0.284,0.235,2.00711278342013e-219
"YWHAZ",5.17250513429897e-223,-0.0308346168273999,0.459,0.427,1.04929439154389e-218
"CIB1",6.58785592141466e-223,-0.299963890120973,0.291,0.328,1.33641245221818e-218
"NDUFA13",5.27014600725442e-222,0.0280036389074101,0.351,0.315,1.06910181903163e-217
"CALR",2.12972116368975e-221,-0.247805954902749,0.261,0.275,4.32035235266102e-217
"AHNAK",8.31289712554719e-221,-0.135959658365716,0.197,0.188,1.6863543108885e-216
"CD164",1.04630748041071e-220,0.00184185558066563,0.202,0.178,2.12253935476117e-216
"UQCR10",7.47359783343311e-220,-0.204272211398426,0.364,0.378,1.51609405649024e-215
"AKAP13",1.49027620974495e-219,-0.0549148224676614,0.211,0.193,3.02317431908861e-215
"RSL24D1",5.98269844160058e-219,0.176469526617375,0.451,0.389,1.21365020586309e-214
"CD3G",6.42541538640873e-219,-0.128887859094295,0.491,0.486,1.30345976528687e-214
"PCNP",1.76939866334775e-217,0.195125485247786,0.256,0.209,3.58940212846725e-213
"COTL1",3.16841234177067e-217,-0.154082338554913,0.304,0.301,6.42744127651597e-213
"PNISR",1.83244175859037e-216,0.165143935368087,0.544,0.478,3.71729135147642e-212
"LEPROTL1",3.38929459668947e-216,0.0975626049344198,0.46,0.408,6.87552301884425e-212
"LIMD2",9.43620887585261e-216,0.100722596499608,0.481,0.426,1.91422933255546e-211
"PPIA",3.23665314461779e-214,-0.119540021378711,0.621,0.617,6.56587456917165e-210
"UBL5",3.52534655396177e-214,-0.131562566575176,0.49,0.487,7.15151801936684e-210
"TOMM20",4.41161390418864e-214,0.215823539176266,0.271,0.221,8.94939996603708e-210
"CLEC2B",2.02719939030742e-213,-0.279958009153886,0.321,0.359,4.11237668317764e-209
"PRKCH",3.97551280654185e-213,0.0414643618682554,0.159,0.136,8.0647252793508e-209
"SEPTIN6",8.98941991222317e-213,0.181426468974453,0.287,0.238,1.82359372339359e-208
"PCBP1",1.13108601124688e-212,0.0743615750861117,0.324,0.284,2.29452108241542e-208
"SP110",3.94814679270383e-212,-0.348692055446069,0.186,0.209,8.00921058367899e-208
"CNBP",1.96884058932302e-211,0.123096417382513,0.406,0.354,3.99399001950068e-207
"SRSF3",6.8098119369299e-211,0.0978980933658877,0.391,0.343,1.3814384495256e-206
"TGOLN2",7.41442706903326e-211,0.214050694430014,0.147,0.114,1.50409067522409e-206
"S100A9",1.26080311028851e-210,0.120443601784243,0.592,0.527,2.55766518953128e-206
"EIF4G2",3.10940295365408e-210,0.0904372045919384,0.261,0.225,6.30773483178266e-206
"ATP5MJ",3.71511553292056e-210,0.0645055270869732,0.565,0.513,7.53648337008265e-206
"LSM14A",5.22846726035676e-210,0.0866989028095919,0.182,0.153,1.06064686843597e-205
"RHOA",8.55834243742488e-210,-0.156425574875528,0.341,0.343,1.73614534685601e-205
"HMGN2",6.18086960704638e-209,0.0853573031493071,0.474,0.422,1.25385120848543e-204
"POLR2L",1.00956714723177e-208,0.00469508603391455,0.421,0.387,2.04800791487437e-204
"GPBP1",2.28248151871112e-208,0.13701219231309,0.268,0.226,4.63024200885737e-204
"FAM133B",2.96079584433986e-208,0.192677846687954,0.248,0.203,6.00627044982785e-204
"STK17B",4.06169536574442e-208,-0.0101005046069402,0.308,0.281,8.23955521894913e-204
"GSTK1",5.37968052655656e-208,-0.194014474203764,0.373,0.388,1.09132199161726e-203
"SFPQ",6.16215400073944e-207,0.188929685233358,0.197,0.159,1.25005456059e-202
"TRA2B",2.00303306025245e-206,0.107679098659281,0.41,0.359,4.06335286602812e-202
"NAP1L4",1.22154768809095e-205,0.18460461463934,0.187,0.15,2.47803164006131e-201
"YWHAQ",2.46370440367549e-205,-0.313292108648834,0.219,0.244,4.9978707532961e-201
"RAP1B",7.2385013789135e-205,-0.0656526939047564,0.421,0.401,1.46840238972639e-200
"ACTR3",2.4850349305761e-204,-0.0815492016227226,0.24,0.226,5.04114186016667e-200
"COX6B1",3.22147202889692e-204,-0.0973898920186458,0.542,0.533,6.53507815782028e-200
"HLA-F",7.36301629226087e-204,-0.141541482471399,0.328,0.326,1.49366148504804e-199
"FTH1",8.09807539303223e-204,-0.0932590023204902,0.954,0.943,1.64277557423052e-199
"CAST",9.49477820301299e-204,-0.263719732576895,0.234,0.249,1.92611070626321e-199
"PTGES3",1.62988284461176e-203,0.132860347366439,0.295,0.251,3.30638033857941e-199
"ANXA2R",2.08475439884613e-202,0.327315061901227,0.153,0.114,4.22913277349927e-198
"ARHGEF1",3.75828658434301e-202,0.15060569765276,0.22,0.183,7.62406016499823e-198
"IRF1-AS1",6.96695503423119e-202,-0.547547438828576,0.109,0.143,1.41331649824414e-197
"PET100",3.34339843340309e-201,0.0138046963573368,0.27,0.241,6.78241806200151e-197
"TRAPPC1",7.57581752771207e-201,-0.267014502959223,0.296,0.324,1.53683034367167e-196
"SRSF11",7.9980566596646e-201,0.0782748224458081,0.273,0.238,1.62248577397956e-196
"ADD3",1.24800816651818e-199,0.0834391677252488,0.221,0.188,2.53170936659878e-195
"LCP1",1.85311633043977e-199,-0.071737032727293,0.356,0.338,3.75923178793012e-195
"ZNF207",3.19345417865097e-199,0.119115088506712,0.178,0.147,6.47824114681135e-195
"CBX3",1.83511889085406e-198,0.12149828826407,0.248,0.209,3.72272218198655e-194
"ATP5MK",1.87184962726108e-198,-0.12957494679654,0.41,0.407,3.79723415386183e-194
"TRIR",2.03393133077234e-198,-0.0849945283439189,0.395,0.382,4.12603309760476e-194
"DDIT4",2.33451669006052e-198,-0.285796644104906,0.247,0.268,4.73580055745676e-194
"CD63",2.47221949740516e-198,-0.342275062216376,0.219,0.251,5.01514447243611e-194
"RBBP4",4.27442933573844e-198,0.108146308242137,0.133,0.108,8.67110735047899e-194
"C12orf57",4.91125185438024e-198,0.142908355772665,0.401,0.347,9.96296551179576e-194
"KIF2A",6.48408999683836e-198,0.184815604006103,0.211,0.172,1.31536249675863e-193
"ZRANB2",8.25073542132807e-198,0.130555149973909,0.219,0.183,1.67374418757061e-193
"ARPC1B",1.27115850442433e-197,-0.110931385553611,0.463,0.459,2.57867214207519e-193
"IKZF1",1.86102216053274e-197,0.169306485123968,0.22,0.181,3.77526955485671e-193
"ANP32B",2.604175232198e-197,0.193528819024715,0.354,0.299,5.28282987603686e-193
"ATRX",6.33461996248539e-197,0.0857357130565808,0.236,0.203,1.28504100558979e-192
"DDX18",4.63454585840741e-196,0.0526473308536797,0.289,0.255,9.40163972836526e-192
"N4BP2L2",9.37619546241365e-196,0.0962755528470418,0.488,0.435,1.90205501150523e-191
"PRRC2C",1.02178986384091e-195,0.0895421462987938,0.36,0.316,2.07280291778766e-191
"RGS10",5.32010738840625e-195,0.253725259429852,0.337,0.279,1.07923698481209e-190
"HNRNPK",7.30432377737966e-195,0.0628749725641597,0.447,0.402,1.48175512147924e-190
"COX7B",4.1520457482864e-194,-0.161609241018,0.371,0.378,8.42284000497379e-190
"ANP32E",6.50004506352969e-194,0.181381881114959,0.175,0.14,1.31859914158763e-189
"NUCKS1",2.7565730695218e-193,0.160437825713829,0.305,0.257,5.59198412883192e-189
"ALDOA",2.85892447425816e-193,-0.125985392521027,0.453,0.454,5.7996141884801e-189
"U2SURP",3.85666540922035e-193,0.130215892260096,0.239,0.202,7.82363144914439e-189
"VAMP8",7.55510235683385e-193,-0.218197332376971,0.301,0.318,1.53262806410731e-188
"ANXA2",1.71916728299221e-192,-0.387078828478691,0.156,0.181,3.48750275027799e-188
"TAOK3",2.01099603294947e-192,0.0618584027322491,0.194,0.167,4.07950655244129e-188
"AKAP9",4.16326328404907e-192,0.0238092567683119,0.217,0.191,8.44559589802194e-188
"ARPC4",4.47565672188493e-192,-0.258776923936445,0.228,0.244,9.07931722601577e-188
"GPX1",1.12937798959137e-191,0.0588404671421614,0.254,0.222,2.29105618968506e-187
"SERBP1",1.28248408594943e-191,0.0968371334529599,0.321,0.28,2.60164721675702e-187
"TMBIM6",3.41103312995477e-191,-0.181690825649025,0.294,0.301,6.91962180742624e-187
"PARP8",4.29421043591817e-191,0.114098821043606,0.152,0.125,8.71123529030359e-187
"RAD21",4.89460613181827e-191,0.152500818790306,0.158,0.128,9.92919799900655e-187
"PNRC1",7.67140338604475e-191,0.153832780625626,0.579,0.515,1.55622089089304e-186
"NKTR",1.14874884429482e-190,0.13183518955094,0.246,0.208,2.33035190553648e-186
"SUN2",2.01644636883906e-189,0.0870250471150116,0.203,0.174,4.09056310382693e-185
"UPF2",3.69691451717488e-189,0.0516571746732629,0.191,0.166,7.49956078954096e-185
"PPA1",3.98571078005199e-189,0.249265204438599,0.211,0.168,8.08541288841347e-185
"TSTD1",3.08043144900628e-188,0.12836906634848,0.318,0.274,6.24896323745415e-184
"UQCR11",4.36228518287736e-188,-0.0431080228003844,0.61,0.583,8.84933172198502e-184
"CCND3",5.59033103353108e-188,0.05827689481562,0.368,0.33,1.13405455346211e-183
"DDX24",5.69850856759447e-188,-0.093619424686346,0.374,0.362,1.15599944802221e-183
"TMA7",1.10698447104421e-187,0.0885493136952098,0.852,0.803,2.24562869796028e-183
"ELOB",1.44754992418529e-187,-0.0860550229399926,0.53,0.519,2.93649977620227e-183
"PRPF4B",1.87461342822324e-187,0.0393675396278383,0.201,0.175,3.80284080049367e-183
"SBDS",2.26361579551396e-187,-0.310847469232169,0.236,0.269,4.59197100277962e-183
"C1orf56",3.05694422702188e-187,0.0951152177474877,0.182,0.15,6.20131705893659e-183
"LAPTM5",4.27828197617678e-187,0.104056585348216,0.544,0.489,8.67892281687222e-183
"FXYD5",4.76331648253248e-187,0.0664025387651863,0.557,0.508,9.66286381646539e-183
"SEC61G",6.1027634348636e-187,0.0205376598592681,0.414,0.38,1.23800659039643e-182
"PPP1CB",8.84039779240182e-187,0.0320255784443637,0.168,0.146,1.79336309616663e-182
"CAPZA2",1.31239725002649e-186,0.101894517924616,0.147,0.122,2.66232906140374e-182
"HSPA8",1.33767579904501e-186,-0.0785431772605465,0.452,0.439,2.71360912594272e-182
"KLF3",3.64269454099438e-186,0.169310390913122,0.256,0.213,7.3895701458612e-182
"GPX4",4.10274815004041e-186,0.140296895206498,0.358,0.309,8.32283489717198e-182
"FUS",1.24041095657569e-185,0.156879736937307,0.444,0.386,2.51629766650944e-181
"H3-3B",2.25858970810482e-185,-0.0688338192521742,0.917,0.902,4.58177508186143e-181
"UQCRB",5.55136526371829e-185,0.129856623830995,0.841,0.791,1.12614995739789e-180
"LINC00861",5.6334365297021e-185,0.103404975098296,0.281,0.242,1.14279893441537e-180
"YWHAB",5.78115946477185e-185,-0.114655720168292,0.369,0.363,1.17276600902362e-180
"EMB",3.76734282538487e-184,-0.0288265536266257,0.221,0.201,7.64243165557576e-180
"NDUFA1",5.28444069344624e-184,-0.0743439497838918,0.474,0.461,1.0720016390725e-179
"PSIP1",5.4641358323252e-184,0.190169175088648,0.263,0.218,1.10845459494549e-179
"NEDD8",1.68229324485454e-183,-0.15960880220916,0.399,0.409,3.41270007651191e-179
"KTN1",2.18314343579533e-183,0.048534466229671,0.254,0.223,4.4287247738544e-179
"SUMO2",4.68243819960691e-183,-0.0229371668874099,0.472,0.445,9.49879413172258e-179
"HLA-B",5.4370921635177e-183,-0.118983726326776,0.963,0.974,1.1029685162912e-178
"GUK1",1.01340200907649e-182,-0.152433418025784,0.435,0.446,2.05578731561256e-178
"XRCC5",1.33171574757512e-182,0.0508755471887303,0.248,0.219,2.70151856553088e-178
"MOB1A",4.27466457073218e-182,0.00304581575020368,0.141,0.123,8.67158454818731e-178
"AP2B1",1.13235047554097e-181,-0.121583128898182,0.124,0.116,2.29708617468241e-177
"HMGN3",2.82084165931245e-181,0.0904346372044629,0.232,0.199,5.72235939008123e-177
"EIF3F",3.3179576846109e-181,0.131038936523008,0.481,0.425,6.73080895900167e-177
"BCLAF1",1.48516935556086e-180,0.127957555029982,0.285,0.244,3.01281455469077e-176
"CD37",1.71256272935629e-180,-0.00573527205251345,0.505,0.474,3.47410475277216e-176
"SYF2",1.91260391987071e-180,0.0879634951851087,0.354,0.312,3.87990831184972e-176
"PPP2R5C",3.58453389190613e-180,-0.196951287884746,0.428,0.448,7.27158545312078e-176
"SNRPF",1.23678688554556e-179,0.152371361265318,0.301,0.256,2.50894587601773e-175
"ARHGAP15",1.58039533750088e-179,0.15527688946569,0.208,0.172,3.20598998165429e-175
"EZR",3.7339308637071e-179,-0.211532113987959,0.208,0.214,7.57465215011623e-175
"FAU",5.57131543537257e-179,0.0806515165995076,0.98,0.973,1.13019704921968e-174
"OST4",1.25988142523995e-178,-0.0699766301299847,0.722,0.705,2.55579545924177e-174
"EIF4A2",3.68537086048669e-178,0.000696172790752403,0.53,0.495,7.4761433275833e-174
"OSBPL8",3.80732433468156e-178,0.0929488056723765,0.171,0.144,7.72353814533501e-174
"POMP",4.16249567103228e-178,-0.263709018265423,0.284,0.313,8.44403871825608e-174
"ITM2A",8.45618162394169e-178,-0.360290906225623,0.191,0.222,1.71542100423281e-173
"HINT1",9.03510323788562e-178,0.0870412170443675,0.723,0.668,1.83286104283748e-173
"SCP2",1.70051157201471e-177,-0.273901645478141,0.197,0.212,3.44965777498903e-173
"MYH9",1.73738516502645e-177,0.0120130305326976,0.158,0.139,3.52445954577265e-173
"IER2",1.04482007375262e-176,-0.0410656072460687,0.441,0.414,2.11952200161457e-172
"DAZAP2",2.88669555354131e-176,0.0313829468990368,0.338,0.306,5.8559505999139e-172
"CAPZB",3.96844351442734e-176,-0.116907387225273,0.371,0.37,8.0503845133673e-172
"PDIA3",1.01665886056086e-175,-0.18732694420522,0.29,0.3,2.06239416453377e-171
"SMIM27",2.79639042528334e-175,0.234126219170827,0.15,0.116,5.67275761672978e-171
"PRMT2",3.85573769363149e-174,0.164218248576801,0.34,0.291,7.82174948530084e-170
"SH3BGRL",4.79295281905144e-174,-0.150878292614292,0.259,0.259,9.72298408872775e-170
"CCNL1",6.48114595297671e-174,-0.0132567049162331,0.393,0.367,1.31476526802085e-169
"SELENOH",6.01339644494762e-173,0.0676520229219899,0.294,0.259,1.21987760282207e-168
"LSM5",7.88712761973986e-173,0.175824306115147,0.258,0.215,1.59998270894043e-168
"UFM1",8.17666216634315e-173,0.215381100935912,0.131,0.102,1.65871768706437e-168
"JAK1",8.93806162816607e-173,0.11754080366221,0.377,0.331,1.81317518188977e-168
"SHOC2",1.66046996286279e-172,0.0448716696374448,0.126,0.107,3.36842936666346e-168
"TCF25",5.73469624842488e-172,-0.042951772952641,0.286,0.268,1.16334048095547e-167
"CSNK1A1",6.11407007311054e-172,0.131631418374009,0.176,0.147,1.2403002550312e-167
"HCLS1",9.85539219407732e-172,-0.0103624513787055,0.253,0.231,1.99926486049053e-167
"RBM39",1.60710747232885e-171,-0.070370031164174,0.508,0.492,3.26017821836631e-167
"PRPF38B",2.65011922200594e-171,0.106200771213733,0.289,0.25,5.37603185376125e-167
"DSTN",4.07960411961777e-171,-0.182149631916728,0.226,0.227,8.2758849170566e-167
"TLE5",4.83366222422404e-171,0.0421427503694241,0.473,0.434,9.80556718806089e-167
"HMGN1",5.7573651121503e-171,0.0101803635856759,0.442,0.41,1.16793908665081e-166
"SMCHD1",5.91519620128805e-171,0.0267221261866739,0.248,0.222,1.19995670139329e-166
"EVI2B",8.0243664606152e-171,0.117396796124401,0.265,0.228,1.6278229802004e-166
"MYCBP2",8.78426944153069e-171,0.140847476993322,0.174,0.144,1.78197689890892e-166
"RASGRP2",1.00523082605288e-170,0.160587946422518,0.179,0.146,2.03921125373087e-166
"EIF3D",1.07516854714365e-170,0.195450705907694,0.305,0.256,2.1810869147356e-166
"HNRNPA2B1",1.29236673368793e-170,0.0606690136963004,0.597,0.549,2.62169515595933e-166
"TMEM258",1.43087147695206e-170,0.0225094187291468,0.436,0.401,2.90266587814495e-166
"CD96",2.01051672986882e-170,0.124734256123362,0.212,0.18,4.0785342382119e-166
"TMEM50A",2.24584840694346e-170,-0.317187417019587,0.204,0.233,4.55592807832551e-166
"DDX46",5.18409233590688e-170,-0.0303413261494836,0.278,0.259,1.05164497126207e-165
"HMGB2",7.04003561502883e-170,0.0348349732058555,0.357,0.324,1.42814162486475e-165
"RNF145",3.35719097669442e-169,0.240632263085017,0.162,0.127,6.8103976153223e-165
"CAPZA1",3.65782895820595e-169,-0.0872161466453368,0.177,0.167,7.42027182461659e-165
"LUC7L3",5.35216956002707e-169,0.105714914089624,0.268,0.231,1.08574111694709e-164
"CD3E",6.42059090089644e-169,-0.0153356021748139,0.636,0.605,1.30248107015585e-164
"DDX6",7.51812240269467e-169,0.0603812636669796,0.189,0.165,1.52512631061064e-164
"COPS9",1.01443300748369e-168,0.00385307535737534,0.326,0.3,2.05787879898142e-164
"BNIP2",6.32802990636443e-168,0.224694384493774,0.121,0.094,1.28370414680509e-163
"ARPC5",6.97309506031932e-168,-0.0788463524983034,0.312,0.3,1.41456206393638e-163
"FYN",1.00084565413454e-167,-0.0785304328181446,0.192,0.181,2.03031549397733e-163
"BTG2",2.14801981306928e-167,-0.292765971744137,0.171,0.184,4.35747299279234e-163
"DDX21",3.81728715705783e-167,-0.059799618535592,0.204,0.19,7.7437487268075e-163
"LRRFIP1",3.88913650559793e-167,-0.0880265948438985,0.28,0.269,7.88950231525595e-163
"RBM25",4.22538105652061e-167,0.0248563666832358,0.262,0.235,8.5716080112577e-163
"NUCB2",4.35252633771136e-167,0.184314283320933,0.27,0.225,8.82953492868126e-163
"TAPBP",5.05269919809352e-167,-0.0740084260425835,0.226,0.214,1.02499055932525e-162
"SAMD3",8.95533538863067e-167,-0.302427223284349,0.205,0.228,1.81667933693762e-162
"GYPC",1.0585001705091e-166,0.146894702758944,0.386,0.336,2.14727344589477e-162
"BTG1",1.53396867414679e-166,-0.0228498430618655,0.857,0.82,3.11180885237417e-162
"BRK1",4.65291088002416e-166,-0.21875736178778,0.277,0.295,9.43889501121701e-162
"CFLAR",5.68841662070167e-166,-0.0907225319987086,0.196,0.186,1.15395219567554e-161
"RBX1",8.72392860503979e-166,-0.211760549993072,0.242,0.252,1.76973615681837e-161
"USP16",2.14390265712461e-165,0.0701452928511037,0.171,0.147,4.34912093024298e-161
"HNRNPUL1",3.25906628792655e-165,0.117352839864417,0.156,0.13,6.6113418716878e-161
"ANKRD12",4.44874534795615e-165,-0.0374832687865656,0.304,0.285,9.02472481286384e-161
"CLK1",4.26757532287084e-164,-0.210218459123797,0.197,0.204,8.65720329997579e-160
"OCIAD1",4.59593792851412e-164,0.19387546014758,0.167,0.135,9.32331968178375e-160
"CDC42",1.39241674344276e-163,0.0822542742615697,0.559,0.508,2.82465660574799e-159
"TOMM5",2.6991931592897e-163,0.221579014704088,0.116,0.09,5.47558324293509e-159
"ATP5MF",3.65263365567692e-163,-0.143944079910149,0.345,0.348,7.4097326339062e-159
"NDUFB2",5.15519931281897e-163,-0.154338365895806,0.37,0.377,1.04578373259846e-158
"EIF3A",6.09951997184749e-163,0.0222730733621773,0.181,0.161,1.23734862148898e-158
"UCP2",1.05611556806576e-162,0.01227980455566,0.275,0.249,2.14243604137821e-158
"SRP9",1.10044999308092e-162,0.0033114101870515,0.245,0.223,2.23237285596395e-158
"STK17A",5.32443928475364e-162,0.126129587619157,0.299,0.259,1.08011575330512e-157
"TAF7",6.83173667775537e-162,0.156914812834925,0.235,0.198,1.38588610244945e-157
"PTPN4",8.0151450880465e-162,0.0332607156505933,0.171,0.15,1.62595233256111e-157
"SRRM1",2.36255897071263e-161,0.0101909258873585,0.485,0.453,4.79268712798764e-157
"MTPN",1.81554204568646e-160,-0.186753636693784,0.139,0.138,3.68300859387955e-156
"GMFG",2.06008312937332e-160,-0.0401498897891512,0.631,0.61,4.17908463624672e-156
"CYTIP",1.10940854567503e-159,-0.245522073316077,0.225,0.242,2.25054617575636e-155
"CD48",1.26148636064023e-159,-0.0175747623910354,0.508,0.479,2.55905123119478e-155
"EPC1",5.73588032194199e-159,0.094562648552529,0.256,0.224,1.16358068210915e-154
"STK4",7.13512473818605e-159,0.0642032833536628,0.37,0.334,1.44743140438842e-154
"EIF3G",1.73074688856165e-158,0.0833302838736159,0.371,0.331,3.51099313813617e-154
"TPM3",1.76448288587772e-158,-0.0419116745236177,0.476,0.454,3.57942998229155e-154
"TUBA1A",4.6777613135671e-158,-0.225105852765198,0.231,0.242,9.48930660070222e-154
"HNRNPA3",7.96065804950328e-158,-0.0570683046037077,0.357,0.342,1.61489909192223e-153
"CALM2",9.00620019744753e-158,-0.0485886406438745,0.545,0.524,1.82699777205421e-153
"HNRNPH3",1.14902805133243e-157,0.102733409308408,0.189,0.162,2.33091830493297e-153
"PPIB",1.47803149851034e-157,-0.123506593969282,0.367,0.367,2.99833469787807e-153
"PPP1CC",1.44882648865681e-156,0.11291163882774,0.154,0.129,2.9390894148892e-152
"ACAP1",1.59519697792386e-156,-0.00876667935262399,0.335,0.311,3.23601658941635e-152
"BLOC1S1",2.19051216447837e-156,-0.278880847711666,0.223,0.248,4.44367297686082e-152
"RNMT",2.22428300976871e-156,0.0952557883200853,0.249,0.217,4.51218051361681e-152
"TRMT112",2.32898887760054e-156,-0.198141430669363,0.302,0.317,4.72458683710046e-152
"WIPF1",2.33359526353217e-156,-0.0753976314410509,0.231,0.22,4.73393135160136e-152
"SLC38A2",2.89993737527539e-156,0.104844535827924,0.157,0.132,5.88281295948366e-152
"NDUFA12",7.8544855565441e-156,-0.323485660551452,0.204,0.236,1.59336094000054e-151
"RBM27",1.28711543055685e-155,0.0909567914259901,0.144,0.122,2.61104236242763e-151
"DNAJB1",1.92482497128363e-155,0.121328309755062,0.312,0.273,3.90469993674597e-151
"CYRIB",1.99161952639289e-155,-0.0550667157016849,0.244,0.23,4.04019937124061e-151
"MCUB",2.58283685732636e-155,0.188486977675737,0.25,0.209,5.23954284877224e-151
"BRWD1",2.61019712272985e-155,0.230376082175055,0.098,0.075,5.29504588316977e-151
"NOP10",3.96445976692174e-155,-0.348905152607269,0.173,0.202,8.04230308317743e-151
"HNRNPA0",4.35300452859796e-155,0.0247529482827251,0.375,0.346,8.83050498671383e-151
"IDS",7.25473525024049e-155,-0.312249174459102,0.157,0.174,1.47169559286379e-150
"EVL",7.33986528068412e-155,0.0294287532050101,0.518,0.48,1.48896507083958e-150
"CTSS",8.03332413842336e-155,-0.0740415669272223,0.271,0.26,1.62964013472056e-150
"HIGD2A",1.13613500072987e-154,-0.130551667529913,0.377,0.381,2.30476346248061e-150
"TRAF3IP3",1.57860145101037e-154,0.0782812056511584,0.361,0.322,3.20235090351964e-150
"KHDRBS1",1.74597384310361e-154,0.121504738542863,0.18,0.151,3.54188253811998e-150
"COX7A2",1.88458139905457e-154,-0.0559586732972863,0.585,0.57,3.82306182612211e-150
"ERH",5.04291311455447e-154,-0.05362943189378,0.281,0.266,1.02300535441852e-149
"NDUFA4",5.54920805397447e-154,-0.0566068445913981,0.596,0.582,1.12571234582926e-149
"IQGAP1",7.33130053426357e-154,-0.215204480187316,0.162,0.167,1.48722762638071e-149
"KRT10",1.78875792709746e-153,0.105738505702314,0.329,0.289,3.62867433090991e-149
"PAPOLA",1.24527344050344e-152,0.12281443861656,0.252,0.217,2.52616170140528e-148
"UQCRQ",2.17120486321105e-152,0.0243244326764009,0.362,0.331,4.40450618550993e-148
"ERP29",2.87154476779338e-152,-0.0824948456290571,0.369,0.36,5.82521571594565e-148
"YPEL3",3.4852864372884e-152,0.182196843421054,0.119,0.095,7.07025206668325e-148
"MCL1",1.04099274742496e-151,-0.150564749316641,0.178,0.177,2.11175788742628e-147
"SELENOF",1.70072808936162e-151,0.086757425389461,0.271,0.238,3.45009700207897e-147
"HSP90B1",3.93338448600732e-151,-0.0363362349778167,0.303,0.285,7.97926376831445e-147
"MED4",6.03209680880132e-151,0.0634649599524154,0.177,0.154,1.22367115863344e-146
"SKP1",6.12413772490449e-151,0.00279778504544836,0.591,0.558,1.24234257887412e-146
"SRSF2",6.78842525856659e-151,-0.0462311851740613,0.297,0.281,1.37709994795282e-146
"TPR",8.02597659276648e-151,0.0278425034712604,0.216,0.193,1.62814961160861e-146
"SEPTIN7",1.06950289237692e-150,-0.0629362510224074,0.561,0.545,2.16959356747583e-146
"GTF3A",1.21255616349548e-150,0.0357859586997211,0.407,0.374,2.45979143326694e-146
"RORA",2.66540732344632e-150,0.104513956958971,0.246,0.214,5.40704529634321e-146
"CEBPZ",4.33877054706838e-150,0.125254043572295,0.155,0.129,8.80162993178291e-146
"BAX",1.42514834488636e-149,-0.210763628443228,0.224,0.233,2.89105593243647e-145
"FCER1G",1.73020316126027e-149,0.0279334282886173,0.173,0.152,3.50989013293258e-145
"HNRNPC",1.87498042872165e-149,0.0402446001333905,0.487,0.45,3.80358529770474e-145
"CD247",1.87563565087395e-149,0.164736901189501,0.251,0.213,3.8049144813629e-145
"SF3B5",3.77378694258785e-149,-0.149858447389451,0.31,0.316,7.65550419173372e-145
"SEM1",4.18252251961893e-149,-0.302810402789145,0.196,0.22,8.48466518329897e-145
"CAP1",7.80967015811439e-149,-0.0765489947849687,0.292,0.282,1.58426968827509e-144
"DEK",3.19867873000307e-148,-0.017608141518509,0.231,0.213,6.48883967168423e-144
"ID2",6.40300831763589e-148,-0.0529293806232194,0.517,0.494,1.29891426731562e-143
"HNRNPR",6.46340196966339e-148,0.0242818413247583,0.211,0.19,1.31116572356592e-143
"SSR2",1.11382786258191e-147,0.039580605657668,0.502,0.465,2.25951120203367e-143
"EPB41L4A-AS1",1.32025903236981e-147,0.220628471935203,0.183,0.148,2.67827747306539e-143
"DYNLRB1",1.63116066766219e-147,-0.316419976863892,0.169,0.191,3.30897253041953e-143
"NOP58",5.25332705667832e-147,0.139751892893662,0.16,0.133,1.06568992671776e-142
"RSRC2",7.66467560323996e-147,0.0313294937718192,0.218,0.196,1.55485609287326e-142
"PARK7",1.65030460284125e-146,-0.156725501272258,0.329,0.337,3.34780791732375e-142
"ATP5IF1",2.18110343660839e-146,-0.123033003054381,0.382,0.386,4.42458643150379e-142
"DHX36",2.38694411179659e-146,0.0909172666033965,0.168,0.144,4.84215482519056e-142
"LAMTOR4",3.64619365694469e-146,0.0129089359487651,0.411,0.382,7.396668452478e-142
"VAMP2",6.83470042654414e-146,0.0362663923088804,0.534,0.497,1.38648732852874e-141
"GIMAP4",8.64016803938148e-146,-0.00120090181090671,0.241,0.22,1.75274448846893e-141
"ARL6IP4",1.51179337668206e-145,0.0763673996686305,0.414,0.374,3.06682404393723e-141
"SNRPD2",1.5828271239663e-145,0.075938734142246,0.651,0.603,3.21092310367804e-141
"UBE2D3",1.73674518900942e-145,0.0447831089860333,0.436,0.4,3.5231612904245e-141
"TUBA1B",1.85684642897888e-145,-0.233490186692696,0.234,0.251,3.76679866582656e-141
"EIF4A1",3.48032477675145e-145,-0.015325867971709,0.495,0.471,7.060186842118e-141
"IFI27L2",3.96242396303745e-145,-0.359404633925519,0.154,0.18,8.03817325141777e-141
"CREBRF",5.42210301072936e-145,0.153333267095749,0.133,0.109,1.09992781675656e-140
"IK",5.98054464690561e-145,-0.028304292488035,0.262,0.244,1.21321328707127e-140
"PAXX",7.68811096261698e-145,-0.113413238193899,0.289,0.286,1.55961018987648e-140
"C1QBP",3.31628287883232e-144,0.16422114700301,0.222,0.187,6.72741144799925e-140
"AMD1",3.41957315283237e-144,0.112534548152107,0.138,0.116,6.93694609783575e-140
"HSPB1",1.35723331787622e-143,0.237831294256535,0.19,0.153,2.75328350864371e-139
"CCDC12",3.18396753579662e-143,-0.0137945618540576,0.211,0.194,6.45899654311703e-139
"EIF3J",7.38329168883283e-143,0.0561336405593362,0.139,0.119,1.49777455199663e-138
"SNRPE",2.34565565141436e-142,0.0876918269472531,0.281,0.249,4.75839705445916e-138
"LCK",3.45385591573526e-142,-0.08895956729046,0.379,0.374,7.00649211066055e-138
"CD47",3.47567417552239e-142,0.0190542446186899,0.232,0.21,7.05075263246472e-138
"CNOT7",3.81391160865331e-142,0.178347953816241,0.119,0.096,7.73690108931411e-138
"SNX6",4.45266900488139e-142,0.0117640883317937,0.161,0.144,9.03268434330239e-138
"SPCS3",8.89837507111446e-142,0.112132676595806,0.134,0.113,1.80512436692628e-137
"LSM7",1.22482115651444e-141,0.0759700331454061,0.33,0.296,2.4846721981052e-137
"BIN2",2.0855549824831e-141,-0.0355434697976498,0.342,0.325,4.23075683746522e-137
"ARL6IP1",2.21386671871416e-141,-0.140514150904146,0.185,0.183,4.49105002558354e-137
"RBMS1",2.83057019050925e-141,0.132331834879067,0.123,0.101,5.74209468846707e-137
"EVI2A",1.35791321661012e-140,0.18571342061201,0.14,0.113,2.75466275121529e-136
"ATP5MC3",1.77903583884468e-140,-0.131447448278559,0.296,0.298,3.60895210268032e-136
"VSIR",1.90293221118889e-140,0.1038539452933,0.209,0.18,3.86028828361778e-136
"C9orf78",4.67185783200006e-140,0.0115995648756513,0.311,0.286,9.47733079799533e-136
"TMEM256",6.08819968040899e-140,0.126314705800295,0.18,0.152,1.23505218716777e-135
"NDUFA11",6.32482306188624e-140,-0.0218989320644223,0.31,0.291,1.28305360633424e-135
"TTC14",6.8520742780788e-140,0.0509652873417157,0.151,0.131,1.39001178805107e-135
"SMARCE1",1.84169309145886e-139,0.119238176308698,0.138,0.115,3.73605860533345e-135
"NDUFB8",1.94466715924363e-139,-0.090676403832719,0.349,0.344,3.94495179924163e-135
"MORF4L2",1.98992736850214e-139,0.189501976647941,0.121,0.097,4.03676665974345e-135
"RASGRP1",2.81635553413848e-139,-0.15535309319981,0.11,0.107,5.71325883655332e-135
"COX5A",4.69349916789223e-139,-0.282127816358227,0.206,0.231,9.52123241198617e-135
"TAF1D",6.09507964422295e-139,0.091337695694035,0.219,0.191,1.23644785662707e-134
"YPEL5",1.45296437065637e-138,-0.243407456562514,0.203,0.218,2.94748352231352e-134
"PPP3CA",1.97690586303986e-138,0.124547004916165,0.09,0.072,4.01035123376266e-134
"EIF5B",2.72128843583802e-138,0.00362500204189553,0.247,0.226,5.520405720941e-134
"NDUFB7",1.00306678223546e-137,-0.0966516434646176,0.295,0.289,2.03482127444284e-133
"ABRACL",1.30067639307116e-137,0.0683374872761728,0.248,0.219,2.63855213098416e-133
"HERPUD1",1.61476664087727e-137,-0.262465418927172,0.191,0.207,3.27571560768363e-133
"TOMM22",5.63922778108724e-137,0.141523279588854,0.186,0.157,1.14397374767136e-132
"MZT2B",8.63071663178974e-137,0.110293891074688,0.352,0.313,1.75082717592487e-132
"PAIP2",2.51569138920197e-136,0.0524390743130692,0.355,0.323,5.10333155213512e-132
"SERF2",2.5878147418499e-136,-0.0661129802480112,0.899,0.888,5.24964098531672e-132
"BZW1",4.69053809457226e-136,0.0478726531192937,0.209,0.186,9.51522557864928e-132
"GPSM3",1.43890530805315e-135,-0.000507454475964675,0.453,0.427,2.91896330791661e-131
"SAP18",1.54067103458565e-135,-0.0518276943834874,0.408,0.396,3.12540526076046e-131
"SLC25A3",2.413625129509e-135,-0.0418915528488764,0.276,0.262,4.89627993772196e-131
"TMEM59",2.58599507041069e-135,-0.197070520759635,0.295,0.313,5.24594959983514e-131
"GIMAP7",3.01659794696929e-135,-0.00261065824549411,0.317,0.294,6.1194705952219e-131
"LITAF",4.61623218461066e-135,-0.111794943998235,0.387,0.389,9.36448860970118e-131
"EIF3K",5.08776900648408e-135,0.0711536162076905,0.596,0.552,1.03210482065536e-130
"MTDH",1.14621836993401e-134,0.0188473984907052,0.278,0.255,2.32521858524813e-130
"RSRP1",3.72222242357913e-134,-0.068350561257726,0.306,0.296,7.55090040847262e-130
"REEP5",3.85905660685301e-134,-0.359550637915864,0.124,0.144,7.82848223266201e-130
"NMT1",4.52601639065259e-134,-0.0043430446333737,0.117,0.104,9.18147685007784e-130
"G3BP2",1.86321236875124e-133,-0.0215649208065583,0.189,0.175,3.77971261124876e-129
"PYHIN1",2.08005338601348e-133,-0.24226055007071,0.182,0.193,4.21959629886694e-129
"COX6C",2.38491762432361e-133,-0.000654527963308116,0.657,0.628,4.83804389270287e-129
"MPHOSPH8",3.675734965015e-133,-0.00445280973572237,0.289,0.268,7.45659595002943e-129
"ANKRD49",9.67457455398125e-133,0.19575859427865,0.117,0.093,1.96258419402064e-128
"ROMO1",2.0122440238478e-132,0.0149062409945679,0.193,0.174,4.08203822677764e-128
"HSPA5",2.43584449514779e-132,-0.155205771035297,0.234,0.237,4.94135414285681e-128
"APRT",3.62397347027868e-132,-0.0166165066372015,0.469,0.447,7.35159258180732e-128
"SRSF5",1.08613616010076e-131,-0.0142078945624329,0.645,0.617,2.20333581438039e-127
"SELENOW",3.89561661816981e-131,-0.0164556998222867,0.217,0.201,7.90264787161928e-127
"SEPTIN9",4.54821571025186e-131,0.0639614413390779,0.207,0.184,9.22651038981692e-127
"TSPYL2",8.56433746965454e-131,0.194436778215029,0.138,0.112,1.73736149909412e-126
"ITM2B",1.04172191651924e-130,0.0558360114003471,0.719,0.675,2.11323707985092e-126
"C19orf53",1.4301462411506e-130,-0.0526512560792529,0.372,0.36,2.90119466479811e-126
"PNN",1.99310405504915e-130,-0.0688087729652127,0.258,0.249,4.0432108860727e-126
"MECP2",2.29826426771049e-130,0.0305878955898885,0.093,0.08,4.6622588934775e-126
"PRKCB",4.32409840198734e-130,-0.0872897020562508,0.141,0.133,8.77186601827152e-126
"CHMP1B",7.45948523422007e-130,0.0260662033407155,0.151,0.133,1.51323117461388e-125
"HMGB1",2.41374174150464e-129,0.0204265707559248,0.717,0.678,4.89651649681632e-125
"CDC37",2.76863594777837e-129,-0.0477395928402551,0.2,0.188,5.6164548836632e-125
"COPE",3.08370275468402e-129,-0.165920491480031,0.268,0.277,6.25559940815201e-125
"NDUFB4",3.16894436144034e-129,-0.105222943190874,0.271,0.268,6.42852053161787e-125
"SNX3",3.96084204248308e-129,-0.00247541758817871,0.249,0.23,8.03496416738117e-125
"ATP6V1F",4.67950422989416e-129,-0.236864549128849,0.222,0.242,9.49284228076329e-125
"GCC2",4.97127943401653e-129,0.0500662624495258,0.284,0.257,1.00847374598459e-124
"TMED2",5.39884915337426e-129,0.054353760353282,0.253,0.227,1.0952105392535e-124
"OSTC",9.15081642486788e-129,0.119349956704334,0.173,0.148,1.8563346199487e-124
"ATP5F1A",1.44964218850156e-128,0.148030289581955,0.271,0.234,2.94074414359426e-124
"PPIG",4.62011915657705e-128,0.0830819182333333,0.23,0.203,9.37237372103221e-124
"SNRPD3",1.23053247507412e-127,-0.0730312288477439,0.15,0.141,2.49625817893536e-123
"ALKBH7",2.89595306274472e-127,0.191313285589181,0.169,0.139,5.87473038308393e-123
"CNOT6L",3.78661146554429e-127,0.0474634294134499,0.13,0.114,7.68152001900314e-123
"SPCS1",5.61137510799546e-127,-0.0691068594931696,0.353,0.345,1.13832355440796e-122
"C4orf3",6.13324272789189e-127,-0.0584884326673336,0.343,0.332,1.24418961978015e-122
"TPI1",6.50380137045962e-127,-0.156863799431578,0.296,0.306,1.31936114601144e-122
"MICOS10",7.50600186508304e-127,-0.0602593715994657,0.273,0.261,1.52266753835075e-122
"ELF1",1.34522181787657e-126,0.017855358323108,0.356,0.331,2.72891697974441e-122
"GNG2",1.83515939231586e-126,-0.219617354038638,0.128,0.132,3.72280434325196e-122
"SNRPB",2.53193731388051e-126,-0.163721803108257,0.27,0.279,5.136288034938e-122
"SH3KBP1",4.57605290354397e-126,-0.0377318887947058,0.179,0.166,9.2829809201293e-122
"UFC1",4.99998824884772e-126,-0.08767814908927,0.28,0.274,1.01429761616125e-121
"ANAPC5",6.03892252419062e-126,0.0933362658306445,0.148,0.127,1.22505582325731e-121
"GDI2",9.87487589592273e-126,0.0221516603008678,0.17,0.153,2.00321732424688e-121
"KMT2E",1.28606727790828e-125,0.040462473467983,0.3,0.273,2.60891607996473e-121
"NDUFB11",3.79656662545225e-125,-0.0605355377126955,0.353,0.343,7.70171505639242e-121
"RAP1A",4.25615363811195e-125,-0.0569734738720797,0.211,0.201,8.6340332702739e-121
"SLTM",6.39363528374104e-125,0.0626155013230391,0.186,0.164,1.29701285365971e-120
"RUNX3",1.09661747190004e-124,-0.155799509271551,0.143,0.143,2.22459820349641e-120
"BIRC2",1.11406815374057e-124,0.235168414997613,0.104,0.081,2.25999865667812e-120
"TBCA",1.18501843008726e-124,-0.088164644280305,0.371,0.366,2.40392838727501e-120
"REX1BD",2.26963876422295e-124,0.0883441195268637,0.249,0.22,4.60418919710268e-120
"H1-10",4.12425140253848e-124,0.0271923024390276,0.14,0.123,8.36645639518956e-120
"PRR13",7.45562897574222e-124,-0.135907529094574,0.308,0.314,1.51244889401907e-119
"WTAP",1.59065312822968e-123,0.116570291510102,0.159,0.136,3.22679893592672e-119
"THRAP3",2.07672454863101e-123,-0.0072987176114736,0.206,0.19,4.21284341935287e-119
"ATP5MC2",3.31137944379522e-123,-0.000523455582801979,0.637,0.609,6.71746433968299e-119
"USP15",3.75942209246441e-123,-0.0331782199321699,0.164,0.152,7.6263636567733e-119
"STAT4",4.81767043102239e-123,0.045311317394539,0.137,0.121,9.77312623637202e-119
"SMDT1",7.05114914556146e-123,0.0722803190489092,0.395,0.36,1.4303961156686e-118
"TOB1",8.27043379873449e-123,-0.121382972735785,0.193,0.189,1.67774020041128e-118
"PGK1",1.79045795330608e-122,-0.0770562945521733,0.26,0.253,3.63212300407671e-118
"CUTA",2.72133784723852e-122,0.0537465501027579,0.396,0.364,5.52050595690806e-118
"ERGIC3",3.17841535496279e-122,0.133919994179407,0.163,0.138,6.44773338907752e-118
"COX7A2L",4.26042289934865e-122,0.0813862572471524,0.281,0.251,8.64269389361867e-118
"SOD1",4.55728180252473e-122,-0.0440500514001774,0.439,0.426,9.24490186460167e-118
"DNAJA1",8.75984011574961e-122,-0.249241170241837,0.142,0.152,1.77702116588097e-117
"TMEM14B",2.3120143754429e-121,0.0457237198887552,0.201,0.179,4.69015236202348e-117
"ENSA",3.23675658159005e-121,-0.0316791620059038,0.228,0.214,6.56608440141358e-117
"SPCS2",3.64849111977568e-121,-0.107697648761728,0.261,0.258,7.40132908557694e-117
"KLF2",4.99802920541366e-121,-0.0982040080539492,0.31,0.306,1.01390020461022e-116
"PEBP1",6.3373836574859e-121,0.0881506329840107,0.286,0.256,1.28560164875759e-116
"MIER1",6.99308480121685e-121,0.0669969186369803,0.139,0.12,1.41861718277485e-116
"ATP5F1D",1.53065098078283e-120,-0.00366083609614121,0.41,0.388,3.10507857961605e-116
"PRKAR1A",1.65620663097423e-120,0.0686271517360464,0.115,0.099,3.35978077159432e-116
"GNG5",1.78272483773876e-120,-0.275791303833452,0.175,0.194,3.61643560583685e-116
"ATP5MG",2.35097709486622e-120,0.0320260875813059,0.809,0.774,4.76919213464561e-116
"HSPE1",2.95801467016891e-120,-0.0946096477578919,0.265,0.259,6.00062855990465e-116
"RTF1",3.92415448504701e-120,-0.0394342507470689,0.221,0.208,7.96053978836636e-116
"SSR4",3.93869054344252e-120,-0.0370914356505101,0.514,0.497,7.99002763642751e-116
"EIF5",4.48616980196929e-120,0.0942901628715704,0.196,0.171,9.1006440602749e-116
"FIS1",4.79504300959081e-120,-0.0603218842779532,0.234,0.224,9.72722424925591e-116
"IRF1",7.59955211070033e-120,0.0716251257410403,0.273,0.244,1.54164514117667e-115
"UQCRH",7.87579377192881e-120,0.0276849264113848,0.477,0.447,1.59768352457348e-115
"DNAJC8",9.17472941768272e-120,-0.0472527922464001,0.25,0.238,1.86118560967112e-115
"PSMD8",1.18154246055978e-119,-0.306701497092636,0.154,0.176,2.39687703549156e-115
"ARPP19",2.09066693556931e-119,-0.135188149873842,0.094,0.091,4.24112694549591e-115
"SEC61B",3.57043363868636e-119,-0.158165177180893,0.304,0.315,7.24298167943915e-115
"PYURF",5.0219766773451e-119,-0.00436533985384235,0.243,0.226,1.01875818876623e-114
"PSMA4",6.6919393641295e-119,-0.152887060060802,0.216,0.219,1.35752681940731e-114
"NDUFAF8",7.96814095244526e-119,0.0770053178048279,0.169,0.148,1.61641707361305e-114
"EIF2S2",8.76055258418677e-119,0.00436359521542751,0.214,0.196,1.77716569722813e-114
"DDX5",2.76724495333848e-118,0.0935280000656453,0.808,0.767,5.61363311234245e-114
"RAN",2.90623586914896e-118,-0.101397450712065,0.292,0.29,5.89559008415557e-114
"EAPP",5.0917033790446e-118,0.136154242180868,0.196,0.168,1.03290294747299e-113
"SNRPG",5.87010698189172e-118,-0.0971510191635689,0.251,0.247,1.19080990234655e-113
"RABAC1",1.28561029866118e-117,-0.17272913974994,0.274,0.288,2.60798905186407e-113
"SH2D1A",2.00665764585815e-117,-0.108668825513963,0.138,0.133,4.07070570038785e-113
"ANKRD11",2.08071068946201e-117,0.00325869768035103,0.163,0.147,4.22092970464263e-113
"ATP5F1E",3.05970671389368e-117,-0.0726455703079925,0.883,0.873,6.20692103980472e-113
"NDUFA2",5.70981671312673e-117,-0.149410901295496,0.233,0.237,1.15829341842489e-112
"MEAF6",6.83549338276818e-117,-0.0134651722391166,0.196,0.182,1.38664818762835e-112
"NDUFS6",1.53820372906172e-116,-0.23330586148139,0.177,0.191,3.1204000847746e-112
"RNPS1",3.07532041719079e-116,0.0158667010371543,0.204,0.187,6.23859499831324e-112
"UBE2D2",3.48090722072606e-116,0.00165256243753409,0.328,0.308,7.0613683879649e-112
"TMBIM4",4.32757645289833e-116,-0.0457314304205141,0.193,0.182,8.77892159234956e-112
"NDUFA5",1.01017398363278e-115,0.0314875386334933,0.188,0.169,2.04923894319746e-111
"BBLN",1.09603332727979e-115,-0.0597107638527064,0.356,0.347,2.22341320771979e-111
"WASF2",1.12845920082559e-115,0.0229369282504511,0.191,0.173,2.28919233479478e-111
"PSMB1",1.18979560156636e-115,-0.127916262594935,0.312,0.318,2.41361935733751e-111
"VAPA",1.36075426000272e-115,0.0643398944827094,0.223,0.2,2.76042609184151e-111
"TRAPPC6A",2.36018352433755e-115,0.152694073725077,0.177,0.149,4.78786829747116e-111
"FAM204A",2.78951168446722e-115,0.060851423461238,0.143,0.124,5.65880340311019e-111
"PRELID1",2.81909797949645e-115,-0.100616625954008,0.262,0.259,5.71882216120649e-111
"EID1",3.36367475036598e-115,-0.0720187353136266,0.299,0.291,6.82355059859242e-111
"TSPO",3.95759728803184e-115,-0.0588839356918558,0.315,0.306,8.0283818585014e-111
"UBXN1",3.97375767868941e-115,0.0196624108705961,0.343,0.32,8.06116482698934e-111
"THUMPD3-AS1",5.05533127549581e-115,0.198651077341505,0.135,0.11,1.02552450254708e-110
"DPM3",5.2638726484243e-115,0.0806015775554429,0.117,0.1,1.06782920545935e-110
"DNAJC19",5.44964466054292e-115,0.117884190728857,0.153,0.13,1.10551491583774e-110
"SPOCK2",6.61842560080583e-115,0.0377651443060389,0.22,0.199,1.34261381737947e-110
"NDUFB9",6.74054532405987e-115,-0.0472181454115339,0.345,0.334,1.36738702443878e-110
"THOC7",1.0704581239472e-114,0.0209159092509118,0.162,0.146,2.17153135023929e-110
"GABARAPL2",1.94388949231753e-114,-0.0509040784931427,0.226,0.215,3.94337422411533e-110
"NDUFS5",5.04608805099421e-114,0.024582495077266,0.439,0.412,1.02364942202469e-109
"YBX1",1.04637144222096e-113,0.0584259816084032,0.72,0.68,2.12266910768944e-109
"CLDND1",1.29692231456833e-113,0.25600566871251,0.115,0.09,2.6309366073333e-109
"TMEM243",1.37266777647247e-113,0.184478949103772,0.159,0.132,2.78459385135205e-109
"PRDX1",1.48210956571818e-113,-0.188860929466371,0.163,0.168,3.00660746501591e-109
"JUND",1.89797803512283e-113,-0.192631571689465,0.172,0.179,3.85023824205018e-109
"PHPT1",4.01368885528727e-113,-0.350499817572207,0.129,0.152,8.14216921183575e-109
"CSTB",4.34599070354502e-113,-0.175748685089594,0.232,0.241,8.81627674121143e-109
"ARID4B",7.6329766763544e-113,-0.111548782423324,0.216,0.213,1.54842564856525e-108
"WAS",1.17737419071071e-112,-0.116339168689522,0.148,0.144,2.38842128327575e-108
"UBE2L3",1.65963762265844e-112,-0.167253544764426,0.236,0.244,3.36674088132492e-108
"ANXA11",3.26048102344454e-112,0.0721505845989855,0.189,0.168,6.61421180415959e-108
"DDT",4.25279512620058e-112,-0.0240898233508084,0.213,0.199,8.62722019301049e-108
"SSU72",7.19530340722118e-112,0.0556033680546095,0.256,0.232,1.45963924918889e-107
"H2AZ1",7.7792030530675e-112,-0.174188051842108,0.263,0.275,1.57808913134527e-107
"PRDX5",9.19613172015413e-112,-0.170845417769638,0.218,0.227,1.86552728075047e-107
"PRDX2",1.11097116621151e-111,-0.0461983551297136,0.254,0.243,2.25371610777666e-107
"EDF1",1.12117488597597e-111,0.00207207053236802,0.55,0.524,2.27441537369085e-107
"PPP1R12A",1.13037749908981e-111,-0.14376735014328,0.153,0.152,2.29308379465359e-107
"SLC25A5",1.63698921357554e-111,-0.0490192092560469,0.25,0.24,3.32079631865933e-107
"CLEC2D",2.20304764168537e-111,-0.0285274295191891,0.189,0.176,4.46910244592293e-107
"COX14",5.19947068526193e-111,-0.184656876076064,0.203,0.212,1.05476462321223e-106
"MGST3",6.82580425339774e-111,-0.158559163053089,0.17,0.172,1.38468265084426e-106
"ARF6",7.77763409429484e-111,-0.135989463111675,0.267,0.271,1.57777085236865e-106
"TAX1BP1",8.54520273164963e-111,0.0212572937567663,0.284,0.262,1.73347982614244e-106
"H2AZ2",1.26252097307253e-110,-0.19214475689746,0.217,0.228,2.56115004597493e-106
"PSMA1",7.49733857023583e-110,0.00901258792254844,0.232,0.214,1.52091010235804e-105
"ESD",7.57599902691688e-110,0.192895517308247,0.133,0.109,1.53686716260036e-105
"NSD3",1.49501348182185e-109,-0.223226241128669,0.176,0.188,3.0327843492238e-105
"RAB5IF",1.6318915109253e-109,-0.345360285288461,0.119,0.138,3.31045511906307e-105
"DAD1",1.93272970254909e-109,-0.119333144600044,0.307,0.311,3.92073547459108e-105
"ATP6V0B",2.30454376643221e-109,-0.179833874428277,0.168,0.174,4.67499748458438e-105
"HNRNPF",2.91163469119221e-109,-0.0295368289753291,0.158,0.147,5.90654213455251e-105
"SSBP1",4.56402992346827e-109,-0.0229509124953615,0.262,0.247,9.25859110274774e-105
"UBE2I",5.55811784016539e-109,0.0656104069144452,0.213,0.19,1.12751978505595e-104
"SF3B2",7.28659782268178e-109,-0.0549622060326875,0.257,0.248,1.47815923430922e-104
"LSM8",1.46188614491449e-108,-0.104795557858791,0.212,0.209,2.96558223357353e-104
"H3-3A",1.81545426730525e-108,-0.0148595198379144,0.748,0.723,3.68283052665544e-104
"ATP5PF",2.34914189028953e-108,-0.117920539352031,0.315,0.318,4.76546923864134e-104
"EIF1B",2.77153406410916e-108,0.105299425840875,0.156,0.135,5.62233400245184e-104
"SKAP1",2.91611042066332e-108,-0.0432672375147098,0.177,0.166,5.91562159935761e-104
"OSTF1",1.35687899951911e-107,-0.0402078508276986,0.172,0.161,2.75256473842447e-103
"PIK3R1",2.53932188098241e-107,0.204563032564358,0.301,0.26,5.15126836776092e-103
"FTL",3.79470416686806e-107,0.0612322122306317,0.965,0.949,7.69793687290856e-103
"JTB",4.13577962442485e-107,-0.0432604022040535,0.316,0.305,8.38984254610825e-103
"NAA38",1.3279665393145e-106,-0.15244132433928,0.176,0.177,2.6939129216534e-102
"CIAO2B",1.67291139567923e-106,-0.288575149469407,0.159,0.181,3.39366805727489e-102
"DNAJB6",1.68175318536506e-106,0.00584038558633071,0.219,0.203,3.41160451183155e-102
"ODF2L",2.75631038247775e-106,0.0678050638298601,0.152,0.134,5.59145124189437e-102
"MIEN1",9.88451607228005e-106,-0.371809797663888,0.106,0.126,2.00517293042273e-101
"ORMDL1",1.3615888736516e-105,0.00659108212680026,0.19,0.175,2.76211918908964e-101
"TERF2IP",8.48255967545864e-105,0.0555421763664006,0.26,0.236,1.72077205576354e-100
"CWC15",1.06094362176681e-104,0.0819660444632695,0.194,0.171,2.15223023111616e-100
"RHOG",1.25211163247342e-104,-0.291551896471568,0.153,0.174,2.54003365763558e-100
"MAP1LC3B",1.41067239297211e-104,-0.212237309531434,0.173,0.184,2.86169001638323e-100
"TMED10",1.60877342310035e-104,0.0861352667937073,0.155,0.135,3.26355776610137e-100
"GNAS",4.72127548622978e-104,-0.13300205002544,0.205,0.207,9.57757945136574e-100
"CHD1",6.03463828004596e-104,0.0430826867234863,0.14,0.125,1.22418672149012e-99
"SUCLG2",7.50358016906244e-104,0.164685078325684,0.112,0.092,1.52217627309601e-99
"FKBP1A",9.3979681584081e-104,-0.0321092510702796,0.218,0.206,1.90647182061467e-99
"NDUFC2",1.18285172183708e-103,-0.176297142731436,0.209,0.218,2.39953300291869e-99
"MAX",1.24125945473212e-103,0.135078785982671,0.122,0.102,2.51801892986957e-99
"SNRPB2",3.83946866159737e-103,0.0187884684007829,0.275,0.255,7.78874612691643e-99
"CCT4",6.58248616714925e-103,0.0630414495337888,0.154,0.136,1.3353231438679e-98
"TBC1D10C",7.1060506472337e-103,-0.028558047225175,0.248,0.235,1.44153343429783e-98
"VPS28",8.01418506722979e-103,-0.0281011072146771,0.22,0.209,1.62575758273823e-98
"ATG12",9.19465441771506e-103,0.0353919538673425,0.14,0.125,1.86522759517768e-98
"TMEM230",1.06927684516103e-102,-0.0798400692938406,0.228,0.222,2.16913500809366e-98
"H4C3",1.25888012294867e-102,0.218201085587139,0.199,0.166,2.55376421741367e-98
"ATP5F1B",2.07873735227302e-102,-0.167473317843118,0.199,0.206,4.21692659282105e-98
"POLR2J",2.24243162926299e-102,-0.0127871536987263,0.206,0.193,4.54899680312291e-98
"NDUFA6",2.57336182663212e-102,-0.253868748924678,0.18,0.199,5.22032180150592e-98
"ISCU",5.17367803233031e-102,-0.0538061337350519,0.29,0.281,1.04953232563853e-97
"CHMP4A",1.24961943635798e-101,-0.0697109625749734,0.215,0.208,2.53497798859579e-97
"LMAN2",2.3107955892754e-101,-0.26750967957979,0.15,0.166,4.68767993240408e-97
"SNRNP27",3.45492559984685e-101,0.0456211009695227,0.105,0.092,7.00866207184931e-97
"CKLF",8.90381407649307e-101,-0.0384442325617396,0.25,0.237,1.80622772355738e-96
"SELENOK",1.12910278220772e-100,-0.187147457032662,0.289,0.318,2.29049790398658e-96
"ACP1",1.2377142327804e-100,0.0522649017477631,0.171,0.153,2.51082709261832e-96
"CRBN",1.26987026666222e-100,0.0411169421307505,0.178,0.161,2.57605882295098e-96
"SCAND1",2.01433525874561e-100,-0.104736309652333,0.258,0.258,4.08628050589135e-96
"POLR1D",4.23267381344674e-100,-0.0213418654055444,0.222,0.209,8.58640209795805e-96
"SUMO1",4.23658170489754e-100,-0.0576900223889718,0.28,0.272,8.59432964655516e-96
"LAMTOR1",6.5743771839594e-100,-0.0669820212013201,0.223,0.216,1.333678155538e-95
"U2AF1",6.831520615022e-100,-0.0830797818023554,0.222,0.217,1.38584227196336e-95
"ARF1",1.19804839063696e-99,-0.120312307964282,0.259,0.262,2.43036096524614e-95
"NPC2",5.44451336382661e-99,0.0343751617894853,0.157,0.141,1.10447398098587e-94
"XBP1",8.88422398710003e-99,-0.118571736940775,0.185,0.183,1.80225367802311e-94
"RTN4",1.46067653535977e-98,-0.0116644958631305,0.159,0.147,2.96312841963084e-94
"TMCO1",1.56537294357744e-98,-0.121194021780476,0.131,0.127,3.1755155533412e-94
"RAC1",1.7523442333364e-98,-0.16130641854779,0.208,0.216,3.55480551174622e-94
"FRG1",1.88581851798525e-98,0.0254492514687745,0.138,0.123,3.82557144558488e-94
"RANBP1",2.11874600588743e-98,-0.000525023237163191,0.194,0.18,4.29808814754325e-94
"RAB18",2.62084758367936e-98,0.129975007643617,0.105,0.087,5.31665140825195e-94
"RSF1",6.17629946194536e-98,0.0591588740550083,0.16,0.142,1.25292410885024e-93
"CALM3",7.31805146099269e-98,-0.115556489449758,0.239,0.24,1.48453991937698e-93
"LAMTOR5",1.07991393748895e-97,-0.237724816084019,0.186,0.204,2.19071341359009e-93
"CCDC85B",1.10528253540393e-97,-0.0960176081889648,0.242,0.24,2.24217615132041e-93
"POLR2G",1.48198431250944e-97,-0.223547648601363,0.154,0.165,3.00635337635666e-93
"XRCC6",1.81261469723651e-97,-0.0013047255943377,0.202,0.188,3.67707017481398e-93
"ENY2",2.04131056506847e-97,-0.172382251397827,0.177,0.183,4.1410026122979e-93
"NCOR1",3.74566639064455e-97,-0.0343824542593574,0.19,0.179,7.59845884006153e-93
"LAT",6.09886930826898e-97,-0.0983255909062253,0.255,0.254,1.23721662787545e-92
"PPHLN1",7.21449115014407e-97,0.0462932779757128,0.156,0.139,1.46353167471823e-92
"PTPRC",1.23724189846945e-96,-0.0859939396883931,0.732,0.721,2.50986891523513e-92
"POLD4",1.64399158573268e-96,-0.0458654375509214,0.178,0.169,3.33500133081731e-92
"LSM4",5.18886040000425e-96,0.108995732220987,0.192,0.167,1.05261222074486e-91
"RBBP6",9.97211184117137e-96,0.103609970316088,0.115,0.099,2.02294260810002e-91
"UBXN4",1.13388214761652e-95,-0.00784851971026823,0.201,0.187,2.30019332465488e-91
"RNF181",3.21323291408424e-95,-0.310670480801288,0.127,0.146,6.51836428951129e-91
"PSMA2",4.56021145109649e-95,0.000546825065086409,0.199,0.184,9.25084494969434e-91
"NHP2",1.05938492491267e-94,0.0657371614786908,0.193,0.172,2.14906825867783e-90
"UBE2B",1.39663881001072e-94,0.0304935996474439,0.178,0.162,2.83322148998774e-90
"EML4",1.86385088513544e-94,-0.0909958377096323,0.186,0.182,3.78100790558575e-90
"MT1X",1.90929532505522e-94,-0.135514829211533,0.155,0.154,3.87319649640702e-90
"P4HB",2.8735038047933e-94,-0.0250985164397939,0.182,0.171,5.8291898184037e-90
"AP2M1",2.98535309154647e-94,-0.194518199856916,0.183,0.194,6.05608728151118e-90
"CSNK2B",7.529394775162e-94,-0.215275004654485,0.145,0.153,1.52741302408936e-89
"LAMTOR2",9.8518394501845e-94,-0.326936264105761,0.116,0.133,1.99854415086443e-89
"NOL7",1.21488070457813e-93,0.0465489710515971,0.167,0.15,2.4645069973072e-89
"ZMAT2",1.82162986156178e-93,-0.00667771108940662,0.145,0.133,3.69535833716422e-89
"MED10",4.19503800607118e-93,-0.0379716619865353,0.23,0.22,8.510054099116e-89
"SUPT4H1",5.80572270177541e-93,-0.199906331755972,0.144,0.151,1.17774890728216e-88
"CEBPB",8.30065752471236e-93,-0.178012880398128,0.152,0.157,1.68387138546315e-88
"FYB1",1.50021117945788e-92,0.00704658901919952,0.46,0.436,3.04332839864825e-88
"NDUFS8",1.96035971497931e-92,-0.0672945344474134,0.171,0.165,3.97678571780703e-88
"ARL4C",3.71908103705394e-92,-0.128815316448126,0.264,0.268,7.54452779176762e-88
"BUD31",6.37640950461201e-92,-0.26343077053859,0.143,0.159,1.29351843210559e-87
"TMED9",6.70559045812184e-92,-0.258490452077096,0.153,0.17,1.3602960803346e-87
"C4orf48",1.09394926422434e-91,-0.204567039328314,0.135,0.141,2.2191854774055e-87
"ANP32A",1.19417376922286e-91,0.0089038845257764,0.155,0.142,2.42250090824549e-87
"PRDX6",1.57523139281847e-91,0.0265914430554699,0.249,0.23,3.19551440347155e-87
"NDUFB10",3.18719452483965e-91,-0.12413183710088,0.238,0.242,6.46554281308972e-87
"CCDC59",1.11485265432863e-90,0.0761013088560294,0.182,0.163,2.26159009457106e-86
"TBCB",1.27989048980879e-90,-0.222282493214177,0.166,0.179,2.5963858476261e-86
"LINC01871",1.78254514558472e-90,-0.0158481872687131,0.271,0.253,3.61607108233316e-86
"MZT2A",2.10893512575482e-90,-0.0850389332237536,0.248,0.246,4.27818579610622e-86
"SAR1A",3.07891400344092e-90,-0.028432375287898,0.117,0.108,6.24588494738026e-86
"WDR83OS",3.79213877206659e-90,-0.104420515893571,0.245,0.245,7.69273271301429e-86
"FKBP8",2.56602922080796e-89,-0.0114664934204489,0.215,0.202,5.20544687733102e-85
"STRAP",2.68262999377e-89,0.0362408538034858,0.119,0.107,5.44198320536183e-85
"GHITM",2.7715809032275e-89,-0.0973063421308749,0.221,0.219,5.62242902028731e-85
"CIR1",4.12440511685809e-89,0.0418675672137183,0.161,0.146,8.36676822005831e-85
"SEC11A",4.70637026294161e-89,-0.104755455317299,0.186,0.184,9.54734271540335e-85
"AP2S1",6.88479659832849e-89,-0.108792995626366,0.178,0.177,1.39664983793692e-84
"ATP5F1C",1.18053593730347e-88,-0.152226287680969,0.19,0.194,2.39483520241382e-84
"ZNHIT1",1.37457085277666e-88,-0.199267033997224,0.152,0.16,2.78845443194274e-84
"TUBB",3.32967322296362e-88,-0.131484230114625,0.143,0.144,6.75457510010399e-84
"COX17",4.1395952813242e-88,-0.189572127119509,0.15,0.156,8.39758298769427e-84
"ATP5PO",4.35838645108991e-88,0.0515712961696093,0.41,0.382,8.84142275468099e-84
"FKBP11",1.26316120586184e-87,-0.0882199378050557,0.197,0.194,2.56244882221132e-83
"BSG",1.44238444864457e-87,-0.1739452288848,0.18,0.187,2.92602109252037e-83
"SIGIRR",1.46904338703049e-87,-0.0692686585416055,0.177,0.171,2.98010141493006e-83
"ATP5PD",1.62926919870977e-87,-0.116652128921647,0.266,0.27,3.30513549650263e-83
"COX16",1.94402770967658e-87,-0.0676386326359976,0.177,0.171,3.9436546118499e-83
"ANAPC11",3.04937509871795e-87,-0.149587712012479,0.185,0.189,6.18596232525924e-83
"PPP4C",3.20048985397486e-87,-0.281736817862836,0.13,0.146,6.4925137177734e-83
"BUB3",3.62074400595478e-87,-0.0663736938924054,0.177,0.171,7.34504129047986e-83
"ARHGDIA",3.86459314601944e-87,-0.145092253979936,0.185,0.189,7.83971365601504e-83
"SSB",4.36144329653175e-87,-0.0326423243932201,0.201,0.19,8.84762387134431e-83
"POLR2F",5.44283927488984e-87,-0.17677127918216,0.155,0.161,1.10413437530415e-82
"RPF1",7.24853690861541e-87,0.138087140354703,0.11,0.093,1.47043819728172e-82
"RSRC1",7.6097322520217e-87,0.0263632637426963,0.104,0.092,1.54371028464512e-82
"CNOT1",9.69227454027122e-87,0.146717040713355,0.138,0.118,1.96617481323942e-82
"DGUOK",1.47710364884995e-86,-0.0973164402116131,0.191,0.188,2.99645246205701e-82
"PSMA3",6.08452238527581e-86,-0.00910279254153151,0.121,0.112,1.23430621107705e-81
"MICOS13",7.51743289501906e-86,0.00470810106015285,0.219,0.205,1.52498643708357e-81
"GLIPR1",8.93670935952393e-86,-0.176237289861472,0.102,0.103,1.81290086067302e-81
"ATP6AP2",1.3330398245556e-85,-0.0739735435093782,0.176,0.171,2.70420458809348e-81
"SMIM26",1.44855032841765e-85,0.0977781131126918,0.217,0.193,2.93852919622805e-81
"DHRS7",6.13945291476127e-85,-0.12224029186281,0.18,0.181,1.24544941828847e-80
"NEMF",9.8074620764401e-85,0.0796092808151517,0.122,0.106,1.98954175682664e-80
"METTL26",1.06462214703532e-84,-0.00943610093319591,0.154,0.143,2.15969248747584e-80
"SLIRP",1.30442736442039e-84,0.0645222373373884,0.144,0.128,2.64616135146321e-80
"ARL5A",1.3517572479707e-84,-0.144356599430033,0.14,0.141,2.74217475323335e-80
"CCDC66",1.42415814507793e-84,0.0105671418553956,0.132,0.12,2.88904721310508e-80
"GPR65",2.50776785787481e-84,0.062757613467173,0.173,0.155,5.08725787648484e-80
"CDKN2D",2.80884962541375e-84,-0.0143849811614069,0.141,0.131,5.69803235011433e-80
"DYNLT1",3.13968145949553e-84,-0.26802795759068,0.164,0.191,6.36915780873264e-80
"BBX",3.46546209398638e-84,-0.0318242203498937,0.155,0.146,7.03003640386077e-80
"ATP5MC1",3.51093343418879e-84,0.0507068710070073,0.191,0.173,7.12227956459538e-80
"POLR3GL",3.57713051506979e-84,-0.125911383700134,0.186,0.187,7.25656696287058e-80
"LSM6",6.04715792038319e-84,-0.00183058405729286,0.123,0.112,1.22672645572893e-79
"PKM",6.08210312769544e-84,-0.135419247666387,0.197,0.201,1.2338154404843e-79
"RNF7",1.34487753096687e-83,-0.201339404271226,0.15,0.16,2.72821855931939e-79
"CFAP97",1.54351550194511e-83,0.0860019173637847,0.124,0.108,3.13117554724584e-79
"ZC3H15",3.7404348021931e-83,-0.0495615313763038,0.207,0.2,7.58784603972892e-79
"RWDD1",6.35577845758896e-83,-0.0725611358813609,0.274,0.27,1.2893332179065e-78
"C1orf162",1.17407653524456e-82,-0.0263138930549999,0.154,0.144,2.38173165939711e-78
"STMP1",2.78934626679939e-82,-0.0291899151956898,0.151,0.142,5.65846783682924e-78
"ATP5PB",3.7091014353915e-82,-0.0406300218274382,0.196,0.187,7.52428317183519e-78
"OTUD6B-AS1",4.33998260020368e-82,0.0172435826528443,0.13,0.117,8.80408870277319e-78
"CFDP1",7.00520405090341e-82,-0.0163626934340378,0.108,0.099,1.42107569376627e-77
"DUT",8.45692189073952e-82,0.066469455769472,0.16,0.142,1.71557117475542e-77
"BAZ1A",1.25828196196236e-81,-0.244051501740313,0.132,0.144,2.55255078803684e-77
"SNU13",1.44929467549487e-81,-0.0831677704043019,0.259,0.258,2.9400391787089e-77
"POLR2I",3.54717341895567e-81,-0.0465559631499015,0.16,0.153,7.19579599769347e-77
"FAAP20",6.3295679136326e-81,0.0613323134275775,0.154,0.137,1.28401614695951e-76
"VAMP5",6.90542300087186e-81,-0.161293516858992,0.196,0.204,1.40083410995687e-76
"AIMP1",1.04132066664511e-80,0.0412728193412171,0.181,0.165,2.11242310435626e-76
"RNASET2",4.15921424888489e-80,-0.046602033651479,0.204,0.196,8.43738202528788e-76
"RAB2A",5.09267081455432e-80,-0.0211180397566767,0.166,0.156,1.03309920144049e-75
"LSM3",5.91799923330607e-80,-0.129906503449708,0.211,0.216,1.20052532446847e-75
"NDUFS7",2.07077080627605e-79,-0.155217029730554,0.173,0.178,4.2007656576116e-75
"TMEM160",2.20863040971356e-79,-0.174948794333712,0.185,0.195,4.48042764914492e-75
"SF3B6",2.30801291314826e-79,-0.0907249833498274,0.237,0.236,4.68203499561256e-75
"RALY",9.7444358369789e-79,-0.131931649074634,0.147,0.149,1.97675625388954e-74
"PDCD10",2.91528418649001e-78,-0.082748153332134,0.124,0.119,5.91394550071364e-74
"RAB27A",2.94404630282345e-78,-0.161581391932674,0.094,0.094,5.97229232990766e-74
"SEPTIN1",3.6392337215376e-78,0.0343963911571874,0.226,0.208,7.38254952751118e-74
"RHOF",7.25292360005782e-78,-0.0330027123451946,0.147,0.139,1.47132808150773e-73
"OCIAD2",3.23110663300231e-77,-0.00453259275622808,0.253,0.239,6.5546229157085e-73
"DCTN3",9.51671132870281e-77,-0.22159713698602,0.147,0.159,1.93056006014065e-72
"SMC3",1.55097767727763e-76,-0.0184037482079756,0.129,0.12,3.14631331612541e-72
"CASP4",2.25710578323725e-76,-0.088942682494765,0.176,0.173,4.57876479187508e-72
"SNRPD1",4.36341570040593e-76,0.0215671578253362,0.22,0.205,8.85162508984347e-72
"BCAP31",9.43872629508387e-76,-0.165388572810161,0.166,0.173,1.91474001622071e-71
"RTRAF",3.74606853939041e-75,-0.039120394951057,0.23,0.222,7.59927463900739e-71
"SELENOS",5.77983114486282e-75,-0.180521632894506,0.115,0.118,1.17249654604687e-70
"NDUFV2",8.63930419543708e-75,-0.0371058274143851,0.151,0.143,1.75256924908637e-70
"IER3IP1",2.50560098311062e-74,-0.00999528071268996,0.116,0.107,5.08286215433821e-70
"NDUFB3",2.66464310571251e-74,-0.182313996154295,0.144,0.15,5.40549500424839e-70
"ARRB2",2.84976241400736e-74,-0.0312683256782118,0.165,0.156,5.78102803305533e-70
"SYNE2",2.8870869071506e-74,-0.0430231307978794,0.286,0.277,5.85674449984571e-70
"DPP7",5.90436564368289e-74,-0.0041479679669858,0.168,0.157,1.19775961447751e-69
"SRSF9",1.26075691486278e-73,-0.0666409634204401,0.156,0.151,2.55757147749063e-69
"PFDN1",1.33544739099429e-73,0.0235049828713098,0.118,0.107,2.70908857737103e-69
"PSMC5",1.81181482725606e-73,-0.111432063397841,0.201,0.203,3.67544755857164e-69
"NDUFC1",4.85397237509585e-73,0.0909812437898915,0.153,0.136,9.84676836011944e-69
"RBIS",1.38767605976031e-72,-0.0312649082483005,0.198,0.189,2.81503965482977e-68
"LYST",2.08804533662112e-72,-0.0997166854092071,0.099,0.096,4.2358087698696e-68
"TMED4",2.49064107617627e-72,0.0312085821626238,0.116,0.105,5.05251448713119e-68
"EIF1",8.08279317974302e-72,-0.0141348433324495,0.965,0.95,1.63967542444267e-67
"RHOH",1.47002115203044e-71,-0.0140557490342974,0.196,0.185,2.98208490900895e-67
"SDCBP",1.75785299257807e-71,0.117140519047698,0.142,0.124,3.56598058074387e-67
"ZFAND6",2.56698327351233e-71,-0.109855165291521,0.108,0.106,5.20738226864711e-67
"POLR2K",5.1420416589234e-71,-0.16497993458472,0.152,0.159,1.0431145709292e-66
"CAMLG",6.03559523163462e-71,-0.0053952768195008,0.178,0.167,1.2243808486894e-66
"PDCD6",5.29252437139571e-70,-0.0738504898886437,0.142,0.137,1.07364149398133e-65
"PSMB6",7.20945231425391e-70,-0.207142321937393,0.168,0.182,1.46250949646955e-65
"CACYBP",7.70825567577128e-70,0.110830670136597,0.137,0.119,1.56369674638696e-65
"UPF3A",1.29558831520626e-69,0.00732691913570913,0.111,0.102,2.62823045622741e-65
"SELENOT",1.79133765290385e-69,-0.0446401282446163,0.179,0.172,3.63390756268074e-65
"OFD1",2.18517172102719e-69,-0.014494928330272,0.139,0.13,4.43283935327575e-65
"PIN4",2.30170340131556e-69,-0.181274730570341,0.105,0.108,4.66923551990875e-65
"TMEM219",2.35802404527782e-69,-0.0352829964663293,0.163,0.156,4.78348757825059e-65
"SRI",2.53586217946908e-69,-0.137717720043255,0.177,0.18,5.14425001727098e-65
"TUFM",2.79014291485889e-69,-0.0810354979839238,0.188,0.186,5.66008391708274e-65
"CD8B",7.92963133350942e-69,0.0249713387528372,0.468,0.444,1.60860501231572e-64
"UQCRC2",1.35053841046528e-68,0.0419197406629251,0.159,0.145,2.73970221946987e-64
"CITED2",8.90154769337418e-68,0.0526419896317645,0.154,0.139,1.80576796507789e-63
"MACROH2A1",1.02028735712626e-67,-0.00612792135570611,0.128,0.119,2.06975493266633e-63
"SLC2A3",1.73236666604954e-67,0.00727929692382467,0.165,0.153,3.51427901874809e-63
"UBE2N",2.03264193270449e-67,-0.0946658478428565,0.149,0.147,4.12341742468432e-63
"KLRG1",2.30719548724751e-67,-0.0455185642344031,0.21,0.202,4.68037676543029e-63
"KRAS",3.83607406092977e-67,-0.169485973134045,0.102,0.104,7.78185984000214e-63
"SPAG7",9.01232293770082e-67,0.0744234116063224,0.127,0.112,1.82823983114199e-62
"POLE4",1.43462002119352e-66,-0.0160309182963455,0.153,0.144,2.91027017499317e-62
"RAB7A",1.61805621517672e-66,-0.10058858938606,0.171,0.17,3.2823888381075e-62
"MAF1",4.68190685603648e-66,0.00547006694917007,0.145,0.135,9.4977162481556e-62
"GLRX",5.55790097615375e-66,0.0198680522952772,0.167,0.154,1.12747579202255e-61
"UQCRFS1",9.93198226645259e-66,-0.159832686138837,0.196,0.207,2.01480192257257e-61
"TRAPPC2L",1.00759134616386e-64,-0.0904192646433086,0.116,0.114,2.043999804828e-60
"HLA-E",1.06036365488688e-64,-0.00868565232141716,0.838,0.816,2.15105371030352e-60
"AURKAIP1",1.13605935076551e-64,-0.111092369241349,0.18,0.183,2.30460999896291e-60
"SPSB3",4.90202301137547e-64,-0.0141240525766392,0.117,0.11,9.94424388087627e-60
"TIMM13",6.59479922330473e-63,0.054612177394423,0.138,0.125,1.3378209704396e-58
"SIVA1",8.49140655257415e-63,0.0171996441730403,0.187,0.175,1.72256673325519e-58
"RCN2",1.51812690813284e-62,-0.061060826728564,0.104,0.1,3.07967224583828e-58
"PPP2CA",1.8737777490439e-62,0.0562593735899579,0.103,0.092,3.80114554171045e-58
"RAD23A",5.17122877783109e-62,0.0116292377363888,0.171,0.16,1.04903546987081e-57
"MDH2",1.00412476978792e-60,-0.138761912090561,0.176,0.182,2.03696750799177e-56
"RPA3",1.18652417799791e-60,-0.306428261362868,0.087,0.099,2.40698294748656e-56
"ZBTB8OS",2.04698698949684e-60,-0.118819597096531,0.114,0.113,4.1525178068933e-56
"VDAC2",2.32307151125316e-60,-0.0140796048540152,0.156,0.148,4.71258286772816e-56
"SFT2D1",2.93134655367285e-60,-0.0902593331668029,0.083,0.079,5.94652961878074e-56
"ZNF706",7.1481337830599e-60,-0.0395836154948742,0.154,0.148,1.45007041923153e-55
"GADD45GIP1",1.5822333555243e-59,-0.0458521136149637,0.203,0.197,3.2097185850166e-55
"PFDN4",4.08208193821828e-59,0.0950969708172823,0.141,0.125,8.2809114198696e-55
"PNKD",5.04148290239434e-59,-0.0698098647710183,0.117,0.113,1.02271522157972e-54
"MED30",7.59310437086881e-59,0.16632989692552,0.099,0.084,1.54033715267445e-54
"MMADHC",1.42282743442989e-58,0.0763940015607236,0.103,0.091,2.88634773348447e-54
"HAX1",4.32575729081094e-58,0.0718015905913336,0.148,0.134,8.77523124013908e-54
"C1D",4.4024420346484e-58,0.0461316457298225,0.106,0.095,8.93079391148774e-54
"CCDC107",1.38081736714144e-57,-0.17083772381859,0.121,0.126,2.80112611098312e-53
"COPS6",1.63588243520589e-57,-0.129512626849619,0.158,0.162,3.31855110805867e-53
"SNRPC",3.38868419778527e-57,-0.142037017807437,0.145,0.149,6.87428476362721e-53
"PSMB7",7.34208165149301e-57,-0.101508855634718,0.15,0.151,1.48941468382187e-52
"LAPTM4A",7.60941845377543e-57,-0.156479228123879,0.136,0.142,1.54364662753288e-52
"ZNF428",7.9874693857022e-57,-0.0867765711085929,0.149,0.148,1.62033803958355e-52
"DCXR",1.03723120443433e-56,0.00992996407639218,0.128,0.118,2.10412722131547e-52
"MAGOH",1.71056440781366e-56,-0.106023898977413,0.184,0.186,3.4700509576908e-52
"GTF2A2",2.8797327798102e-56,-0.0686364150873354,0.14,0.137,5.84182591712298e-52
"NCBP2AS2",3.67694654516965e-56,0.0167131767746925,0.151,0.141,7.45905376153115e-52
"PSMD4",6.40897056455161e-56,-0.117712331962607,0.154,0.156,1.30012376872494e-51
"STMN1",8.47217975767097e-56,0.0648283477846829,0.086,0.075,1.71866638564113e-51
"CMC1",1.26427926812586e-55,-0.155588591733508,0.267,0.287,2.56471692332012e-51
"TXN2",3.79801330750177e-55,0.0254047887303504,0.126,0.117,7.70464979559808e-51
"AP3S1",4.58506746878261e-55,-0.0522361747823245,0.132,0.127,9.30126786717241e-51
"VPS29",5.01212280888173e-55,-0.0487043719790476,0.158,0.153,1.01675923300975e-50
"ELOC",7.87517633457647e-55,-0.157413002640301,0.141,0.147,1.59755827123218e-50
"DGCR6L",1.31728438807537e-54,-0.00409023624132865,0.128,0.12,2.6722431096497e-50
"EIF6",5.41063181523614e-54,-0.150523342365542,0.118,0.121,1.0976007700388e-49
"CORO1B",3.13320392270731e-53,-0.0522082747288007,0.106,0.101,6.35601747760405e-49
"ITGAE",8.55670336806116e-53,0.0725256454392617,0.091,0.08,1.73581284524489e-48
"NDUFAB1",1.78477960817429e-52,-0.106966076692037,0.139,0.139,3.62060391314237e-48
"PLEKHJ1",4.09712001056481e-52,-0.114688411351264,0.125,0.126,8.31141765343178e-48
"PIN1",1.09253079403611e-51,-0.144283958535499,0.158,0.164,2.21630796878165e-47
"ATRAID",1.15651878169872e-51,-0.0724466871462085,0.172,0.171,2.34611400055403e-47
"CCNDBP1",1.47448900192254e-51,-0.129786029972972,0.11,0.111,2.99114838930007e-47
"POP5",2.74046611510698e-51,0.0831802765194596,0.099,0.088,5.55930956110602e-47
"FAM162A",2.76560930681094e-51,0.0031662220107026,0.123,0.115,5.61031503979667e-47
"ETFB",7.92055885739786e-51,-0.133082058856845,0.13,0.133,1.60676456981173e-46
"TPRKB",1.00302166911008e-50,0.0514278581386779,0.098,0.088,2.03472975795671e-46
"EMC4",4.6753438752363e-50,-0.190748835682061,0.111,0.118,9.48440258530436e-46
"PSMD7",6.38999705073431e-50,-0.133135639187259,0.143,0.147,1.29627480171196e-45
"SUMO3",1.08290881757425e-49,-0.0116334016793237,0.15,0.143,2.19678882733112e-45
"ECH1",1.2948689089986e-49,-0.144280205687106,0.153,0.159,2.62677106879455e-45
"HINT2",4.83274767093407e-49,-0.0794324402705871,0.089,0.086,9.80371192525685e-45
"AK6",4.53998122096223e-48,-0.0400105541629954,0.128,0.122,9.20980590484398e-44
"BLOC1S2",1.26103744614991e-47,-0.0412317562333427,0.104,0.1,2.55814056325972e-43
"STUB1",3.19618615780571e-47,-0.0877270245783603,0.16,0.161,6.48378323972466e-43
"LLPH",4.05299021563268e-47,-0.0168217653404158,0.096,0.09,8.22189595143245e-43
"PFDN2",6.28602685134453e-47,-0.181471082241668,0.132,0.142,1.27518340706375e-42
"SEC11C",1.26511734934427e-46,-0.126901343609619,0.128,0.13,2.56641705487979e-42
"DCTN6-DT",1.52249767947948e-46,0.0331135025627201,0.177,0.165,3.08853879259207e-42
"LRPAP1",1.83989654119044e-46,-0.156577425544731,0.12,0.126,3.73241412345892e-42
"MPC2",1.90222313300927e-46,-0.180209329303303,0.11,0.116,3.85884984762261e-42
"KDELR2",4.41437287182611e-46,-0.0287387126215463,0.096,0.091,8.95499680778644e-42
"IFT25",1.65702504112095e-45,-0.218793748605471,0.1,0.11,3.36144099841796e-41
"FAM177A1",1.72302090295042e-45,-0.207133513999228,0.095,0.102,3.49532020372521e-41
"SDHC",1.4453896465228e-44,-0.219531336073012,0.105,0.115,2.93211743693615e-40
"NDUFB6",1.62145040142963e-44,-0.0787763812748841,0.124,0.122,3.28927428434016e-40
"SRP19",3.19198722503115e-44,-0.187991460546689,0.103,0.11,6.4752652846982e-40
"PTRHD1",5.14064152711353e-44,-0.129753166624514,0.109,0.111,1.04283054019025e-39
"NENF",1.53288509435348e-43,-0.111413970425084,0.099,0.099,3.10961070240547e-39
"GTF3C6",2.66533625173318e-43,-0.153834871025284,0.113,0.118,5.40690112026593e-39
"TMEM147",3.53615147875588e-42,-0.0709656673768028,0.126,0.124,7.17343688980418e-38
"HDDC2",6.66438333205727e-42,-0.0509821875943919,0.117,0.114,1.35193680274114e-37
"SS18L2",7.34669675082215e-42,-0.118943027886439,0.136,0.141,1.49035090287178e-37
"CCDC167",5.34009364440484e-41,-0.123671708695842,0.096,0.097,1.08329139670397e-36
"AIP",2.9279062833143e-40,-0.0139309416288088,0.133,0.127,5.93955068633138e-36
"FKBP3",3.20840605234999e-37,-0.0633065762659777,0.105,0.102,6.50857251779719e-33
"CAMTA1",4.71761502118546e-35,-0.0398975146450499,0.098,0.095,9.57015383197683e-31
"EMC6",1.97391740839062e-34,-0.191898467409468,0.091,0.099,4.00428885466121e-30
"ILF2",2.3028696236149e-33,-0.0809196712350308,0.108,0.108,4.67160131846519e-29
"CDC26",3.82518651860705e-32,-0.138876921417855,0.111,0.116,7.75977337164626e-28
"STX8",4.84591659473782e-32,-0.173553355837349,0.09,0.096,9.83042640408514e-28
"BCAS2",2.75636660684096e-27,-0.121371445330786,0.122,0.128,5.59156529863757e-23
"LYAR",1.81344300392127e-25,-0.0477456687255033,0.363,0.366,3.67875047775468e-21
