"","gene","logFC","p_val","bonferroni","padj"
"1","ISG15",2.06781441038363,3.31741600197972e-18,6.52203985989213e-15,1.91824701761533e-16
"10","ENO1",0.218316090823889,5.98125410465186e-12,1.17591455697456e-08,7.73627998009576e-11
"13","AGTRAP",0.218531664929687,5.20120440686913e-10,1.02255678639047e-06,4.38865573558142e-09
"16","SDHB",0.365892158235885,4.37908405508177e-13,8.60927925229077e-10,6.99941402625265e-12
"17","CAPZB",0.198590960184834,1.02382679421408e-11,2.01284347742488e-08,1.23487329903367e-10
"27","TMEM50A",0.247883463302117,1.75120451567828e-07,0.00034428680778235,8.52195068768193e-07
"33","NUDC",0.180112290995781,8.07885000457343e-09,1.58830191089914e-05,5.27675053454863e-08
"34","WASF2",-0.151677958131427,9.75355812365154e-06,0.0191754952710989,3.32330940573638e-05
"35","FGR",0.120403695666912,3.39058624207321e-06,0.00666589255191593,1.26009311000301e-05
"36","IFI6",2.18756018651239,7.74381295321289e-18,1.52243362660165e-14,3.71325274780891e-16
"38","THEMIS2",0.241588949585076,1.35734968501107e-06,0.00266854948073177,5.47956772224183e-06
"39","DNAJC8",0.207504122754528,1.4444162858173e-07,0.000283972241791682,7.17101620686066e-07
"44","LAPTM5",0.13685190653273,1.45477564212389e-06,0.00286008891241558,5.82502833485861e-06
"45","PUM1",0.168682657853577,1.57486382248008e-05,0.0309618227499584,5.20366768906864e-05
"48","EIF3I",0.136212159337199,1.84873562702244e-05,0.0363461424272613,6.0076268474812e-05
"50","RBBP4",-0.179249853603165,4.6344145800179e-08,9.11125906431518e-05,2.56655184910287e-07
"52","PSMB2",0.239249253419907,1.29715968315023e-07,0.000255021593707335,6.55582503103688e-07
"54","LSM10",0.202400895437566,4.14629209700369e-07,0.000815161026270925,1.85263869607028e-06
"55","CSF3R",-0.262630733582466,8.77003997810374e-13,1.7241898596952e-09,1.33658128658542e-11
"58","PABPC4",-0.398765327769879,4.23800534211319e-16,8.33191850259453e-13,1.41218957671094e-14
"59","CAP1",0.133871765136179,5.06527083841653e-08,9.9583224683269e-05,2.77390598003535e-07
"66","PRDX1",0.336496152818332,1.41101914532196e-13,2.77406363970297e-10,2.6170411695311e-12
"67","AKR1A1",0.19818194062324,1.7142307893618e-07,0.00033701777318853,8.38352669623209e-07
"72","TXNDC12",0.239872046301459,4.25176132796959e-10,8.35896277078822e-07,3.68236245409173e-09
"77","TMEM59",0.308642971168966,3.58534769516551e-07,0.000704879356869539,1.62414598357037e-06
"81","LEPROT",0.199997303337132,1.03223076958925e-09,2.02936569301246e-06,7.98962871264747e-09
"86","ENSG00000273338.1",-0.345786570966329,5.19407115178653e-06,0.0102115438844123,1.87024613267625e-05
"87","GNG5",0.194904304338293,8.34553421279375e-06,0.0164073202623525,2.87847723900921e-05
"89","SH3GLB1",0.158688546668882,1.35734968501107e-06,0.00266854948073177,5.47956772224183e-06
"92","PKN2",-0.184624394413756,4.2606536419032e-06,0.00837644505998168,1.56569066541714e-05
"93","EVI5",-0.239243104449086,8.80322278944338e-12,1.73071360040457e-08,1.08169600025286e-10
"100","PSMA5",0.280028032953987,1.87986172777378e-08,3.69580815680325e-05,1.12677077951318e-07
"103","CD53",0.310050454107288,1.79023450129099e-11,3.51960102953808e-08,2.0703535467871e-10
"106","C1orf162",0.232552669879466,1.5569833572147e-07,0.000306102928028409,7.67175258216564e-07
"111","CSDE1",-0.217937232849138,3.38521088809865e-10,6.65532460600195e-07,2.984450495965e-09
"113","CD58",0.22780151535284,1.28325959455932e-07,0.000252288836290363,6.51909137701196e-07
"116","FCGR1A",0.837374157026031,3.35858623302523e-22,6.60298053412761e-19,9.43282933446801e-20
"124","PSMD4",0.182950076861817,1.63763516276559e-06,0.00321959072999716,6.47804975854559e-06
"125","PSMB4",0.169956643459754,8.78047027712201e-08,0.000172624045648219,4.62799049995225e-07
"126","S100A10",0.410182378717716,4.03584050985395e-16,7.93446244237286e-13,1.36801076592636e-14
"127","S100A11",0.302309893149486,2.22189800172216e-10,4.36825147138577e-07,2.03174487041199e-09
"128","S100A9",0.513483350874228,3.34666970290569e-19,6.57955263591259e-16,2.53059716765869e-17
"131","S100A6",0.24310419939145,6.27745308365837e-10,1.23414727624724e-06,5.07879537550303e-09
"136","C1orf43",0.208892913016223,1.27171852154171e-08,2.50019861335101e-05,7.93713845508256e-08
"137","ADAR",0.442774820919571,6.68137986464396e-14,1.313559281389e-10,1.32682755695859e-12
"142","SSR2",0.181369503913503,9.20943679903258e-11,1.8105752746898e-07,9.05287637344903e-10
"147","IFI16",0.56434392277593,1.50122014163947e-14,2.95139879846321e-11,3.2432953829266e-13
"149","TAGLN2",0.264639705365607,4.50390521115546e-07,0.000885467764513164,1.99879856549247e-06
"151","CD48",0.254675628637679,7.02445458057854e-10,1.38100777054174e-06,5.63676641037445e-09
"155","FCER1G",0.418038023953541,1.64482709528074e-12,3.23373006932194e-09,2.30980719237281e-11
"156","SDHC",0.193457329448152,1.24662506296791e-05,0.0245086487379492,4.17523828585165e-05
"157","FCGR2A",0.435611057055504,4.82719406752635e-16,9.4902635367568e-13,1.58171058945947e-14
"159","MGST3",0.253700442233466,4.50951650656475e-06,0.0088657094519063,1.65097010277585e-05
"161","CREG1",0.487382858853782,4.23759442909434e-23,8.33111064759947e-20,2.08277766189987e-20
"162","RCSD1",-0.12841626722361,5.24308298386311e-06,0.0103079011462749,1.88444262271936e-05
"163","SFT2D2",-0.28420264259172,9.57787489519661e-11,1.88301020439565e-07,9.2759123369244e-10
"164","SELL",0.344357764697261,2.5646685762133e-07,0.000504213842083535,1.2120525050085e-06
"166","PRDX6",0.209169524672451,3.46169150305078e-11,6.80568549499784e-08,3.7393876346142e-10
"167","RABGAP1L",0.72527950779505,4.31577531197926e-13,8.48481426335123e-10,6.95476578963216e-12
"171","NCF2",0.240700877554939,3.67409127630758e-12,7.22326344922071e-09,4.81550896614714e-11
"172","ARPC5",0.174083928327763,3.14050196723572e-06,0.00617422686758543,1.1738073892748e-05
"173","IVNS1ABP",-0.390140476195357,5.14933204277064e-07,0.00101235867960871,2.25469639111071e-06
"186","MDM4",-0.265932547339561,1.5761615745513e-12,3.09873365556785e-09,2.24545917070134e-11
"195","CAPN2",0.233783661655716,7.97333195356197e-11,1.56755706207028e-07,7.99774011260349e-10
"196","CNIH4",0.426003562071923,1.44382185790526e-08,2.83855377264175e-05,8.92626972528852e-08
"200","H3-3A",0.128653692691461,8.34553421279375e-06,0.0164073202623525,2.87847723900921e-05
"201","ARF1",0.238856091159794,2.90602353576943e-10,5.7132422713227e-07,2.6087864252615e-09
"212","ID2",0.474431460836234,1.66865989313083e-15,3.28058534989521e-12,4.62054274633129e-14
"215","YWHAQ",0.111956613265735,2.18678069793731e-05,0.0429921085214475,7.03635164017144e-05
"216","PDIA6",0.128795828552779,3.98693738218074e-06,0.00783831889336733,1.47060391995635e-05
"219","LAPTM4A",0.205101484146514,8.50049617251993e-06,0.0167119754751742,2.91657512655745e-05
"224","RAB10",0.278438897295548,7.87160748778059e-08,0.000154755803209766,4.18258927593963e-07
"226","HADHB",0.162561603066715,2.98101006689486e-10,5.8606657915153e-07,2.66393899614332e-09
"234","BIRC6",-0.204755189882555,8.97405924553235e-08,0.000176430004767166,4.71737980660872e-07
"236","CDC42EP3",-0.341962055339663,6.74683651082359e-06,0.0132642805802792,2.37285878001416e-05
"237","CYP1B1",-0.440245347822465,2.56539277008537e-06,0.00504356218598784,9.7933246329861e-06
"244","RTN4",0.124991921422357,2.03247944125878e-07,0.000399585458151476,9.76981560272558e-07
"248","MDH1",0.275896773779406,4.55064587242866e-07,0.000894656978519475,2.01046512026848e-06
"261","NAGK",0.384132494699155,2.70767249562729e-09,5.32328412640326e-06,1.91485040518103e-08
"264","MOB1A",0.166258919111688,6.71806527499785e-07,0.00132077163306458,2.85263851633818e-06
"267","TMSB10",0.191012161417929,1.41517481679277e-10,2.78223368981459e-07,1.3376123508724e-09
"269","CAPG",0.389284526586696,1.52991532874439e-09,3.00781353631147e-06,1.1568513601198e-08
"270","VAMP8",0.207051127282025,2.7317462564373e-07,0.000537061314015573,1.28176924586056e-06
"271","VAMP5",0.609791778945789,1.44516175595739e-15,2.84118801221222e-12,4.11766378581481e-14
"273","GNLY",-0.589379090255798,4.78312471200639e-19,9.40362318380455e-16,3.35843685135877e-17
"277","STARD7",-0.145486230760652,5.3927895907416e-06,0.010602224335398,1.93118840353333e-05
"278","COX5B",0.203865717446357,2.59031916167832e-06,0.00509256747185959,9.85022721829707e-06
"287","DBI",0.244278235426842,2.33875731317646e-10,4.59799687770493e-07,2.11889257037093e-09
"288","RALB",0.233143413673374,1.04185580216799e-12,2.04828850706227e-09,1.56357901302463e-11
"294","UBXN4",0.196425866795465,2.10572130099131e-14,4.13984807774891e-11,4.45144954596658e-13
"298","KYNU",0.224101673988899,9.84308716038285e-06,0.0193515093573127,3.34801199953507e-05
"301","NMI",0.598873113125635,7.5917196527172e-19,1.4925320837242e-15,4.97510694574734e-17
"308","TANK",-0.203439719773136,4.00896940353478e-08,7.88163384734938e-05,2.28453154995634e-07
"311","SSB",0.591380086884933,1.65773418077404e-20,3.25910539940177e-17,2.0369408746261e-18
"313","SP3",-0.225333535845389,5.22510172132546e-09,1.02725499841259e-05,3.54225861521581e-08
"314","CIR1",0.242399578984961,1.15168558802806e-12,2.26421386606317e-09,1.702416440649e-11
"315","WIPF1",0.136033319382263,1.70657186911791e-05,0.033551202946858,5.61056905465854e-05
"320","ZC3H15",0.143029121227083,1.16447546853288e-07,0.000228935877113564,5.94638641853414e-07
"322","STAT1",0.884294517995472,4.40037735016025e-22,8.65114187041506e-19,1.08139273380188e-19
"324","ANKRD44",-0.234811477451176,6.93735251975333e-10,1.36388350538351e-06,5.58968649747338e-09
"329","NDUFB3",0.257556301133416,2.71847831871846e-06,0.00534452837460049,1.02977425329489e-05
"338","WDFY1",0.194392074263954,7.54036160936941e-06,0.0148243509240203,2.62377892460536e-05
"342","SP110",0.81261960229796,2.8500741682169e-24,5.60324581471442e-21,1.86774860490481e-21
"343","SP100",0.478882522640363,1.77127391706651e-22,3.48232452095276e-19,5.80387420158794e-20
"347","EIF4E2",0.174256132343593,6.06672972776109e-07,0.00119271906447783,2.60988854371517e-06
"349","UBE2F",0.26777708082434,4.5935994294063e-12,9.03101647821278e-09,5.98080561471045e-11
"351","COPS9",-0.161160377111814,9.73846113976158e-09,1.91458146007713e-05,6.17606922605524e-08
"352","PPP1R7",0.217163554954697,2.99415614085474e-08,5.88651097292042e-05,1.73643391531576e-07
"359","ARPC4",0.190469687818146,1.21421887727834e-08,2.38715431272921e-05,7.62669109498151e-08
"360","EMC3",0.331967915399393,1.95704045228165e-15,3.84754152918573e-12,5.06255464366544e-14
"366","DPH3",0.199639195414837,5.35400905161663e-08,0.000105259817954783,2.89175324051601e-07
"368","UBE2E1",0.224777452255158,9.46605240571276e-10,1.86102590296313e-06,7.38502342445686e-09
"371","STT3B",-0.140624058970466,3.29464497565774e-06,0.00647727202214312,1.22675606479983e-05
"373","CMTM6",-0.197623541353421,7.06850618921088e-07,0.00138966831679886,2.9821208514997e-06
"374","CRTAP",-0.171772782546889,3.09800081197315e-07,0.000609066959633921,1.42973464702798e-06
"376","ACAA1",0.216587761474341,3.65583933936261e-09,7.18738014118688e-06,2.5218877688375e-08
"377","EIF1B",0.180961900117744,5.28736670181499e-09,1.03949629357683e-05,3.57215221160422e-08
"383","TMA7",-0.289226407899642,8.13424005620887e-08,0.000159919159505066,4.29890213723297e-07
"384","TREX1",0.518622106728798,1.61622351177092e-15,3.17749542414163e-12,4.53927917734519e-14
"385","UQCRC1",0.213002870791486,2.08322914640401e-08,4.09562850183029e-05,1.23362304271997e-07
"386","NDUFAF3",0.235571059861004,4.33480904559573e-08,8.52223458364121e-05,2.43492416675463e-07
"387","GPX1",0.176690361820814,5.0445329318579e-07,0.000991755174403264,2.21373922857871e-06
"388","RHOA",0.180311714161045,3.28140461988238e-11,6.45124148268877e-08,3.58402304593821e-10
"392","TWF2",0.211356530715496,2.28364146758251e-07,0.000448963912526721,1.09236961685334e-06
"393","UQCC5",-0.238805804194054,1.37087310978595e-06,0.00269513653383918,5.5228207660639e-06
"402","ARL6IP5",0.19964288300333,7.67087433111438e-12,1.50809389349709e-08,9.60569358915343e-11
"403","FOXP1",-0.260696647379341,2.8646804135179e-15,5.6319616929762e-12,7.03995211622025e-14
"406","CHMP2B",0.137122642150452,6.71806527499785e-07,0.00132077163306458,2.85263851633818e-06
"411","ATG3",0.229450820999102,5.75059334176005e-10,1.13056665099003e-06,4.77032342189885e-09
"414","NDUFB4",0.20275349499727,1.94794331905537e-07,0.000382965656526286,9.40947559032645e-07
"419","RAB7A",0.114225778818745,5.0973603607961e-06,0.0100214104693251,1.84217104215535e-05
"422","NUDT16",0.279535481143626,1.44382185790526e-08,2.83855377264175e-05,8.92626972528852e-08
"427","ATP1B3",0.222305497791835,1.29163464548312e-06,0.00253935371301982,5.24659858061945e-06
"429","PLSCR1",0.599468504823775,6.12802207113187e-11,1.20476913918453e-07,6.37443988986521e-10
"430","GYG1",0.186070065526444,1.01164082405891e-05,0.0198888586009982,3.43503602780626e-05
"435","MBNL1",-0.18866397563505,2.55599049261461e-08,5.02507730848033e-05,1.50451416421567e-07
"436","RAP2B",-0.314352387810179,5.16355037114785e-09,1.01515400296767e-05,3.51264360888466e-08
"437","SSR3",0.155207240098326,9.68470133961181e-08,0.000190401228336768,5.03706953271874e-07
"444","TNFSF10",1.06465432616701,2.69779545733079e-21,5.30386586911233e-18,4.0798968223941e-19
"445","TBL1XR1",-0.205787787143316,3.54821399433686e-07,0.000697578871286626,1.61103665424163e-06
"449","AP2M1",0.135199526546995,1.24662506296791e-05,0.0245086487379492,4.17523828585165e-05
"456","ATP5ME",-0.266655684168125,1.7142307893618e-07,0.00033701777318853,8.38352669623209e-07
"461","LRPAP1",0.332581959302836,2.90869700717656e-11,5.71849831610912e-08,3.21263950343209e-10
"462","MRFAP1",0.225778647330166,3.03382870653819e-07,0.000596450723705409,1.40341346754214e-06
"468","BST1",0.351100258473591,1.58888860776844e-13,3.12375500287276e-10,2.83977727533887e-12
"469","LAP3",0.957079231832279,1.71192093727084e-21,3.36563656267447e-18,3.05966960243134e-19
"471","DHX15",-0.214045128115467,6.46318604585664e-09,1.27066237661542e-05,4.2783245003886e-08
"474","SMIM14",0.158172581754235,6.74683651082359e-06,0.0132642805802792,2.37285878001416e-05
"484","PPBP",0.593389794505891,2.09306005847605e-12,4.11495607496392e-09,2.87759166081393e-11
"485","G3BP2",-0.161280177361557,2.30788844308538e-08,4.53730867910586e-05,1.36255515889065e-07
"488","HNRNPD",-0.169131430241199,6.09013302030477e-06,0.0119732015179192,2.16122771081574e-05
"489","HNRNPDL",-0.193758518429274,1.44057557451814e-11,2.83217157950266e-08,1.68581641637063e-10
"491","PLAC8",1.05649089591705,2.69779545733079e-21,5.30386586911233e-18,4.0798968223941e-19
"497","PPP3CA",-0.2888886432502,1.27427770420539e-11,2.50522996646779e-08,1.50917467859506e-10
"499","AIMP1",0.213162701407178,7.43652707921524e-07,0.00146202122377372,3.13066643206363e-06
"505","ANXA5",0.230965332104629,1.66444922210702e-16,3.2723071706624e-13,6.29289840512e-15
"519","NDUFS6",0.192998503909827,8.0558390669867e-10,1.58377796056958e-06,6.38620145390962e-09
"524","FYB1",0.247578162203045,2.48390562851189e-15,4.88335846565437e-12,6.18146641222072e-14
"526","PARP8",-0.225156080001786,1.42728500401152e-08,2.80604231788665e-05,8.87988075280587e-08
"528","MAP3K1",-0.235232263005701,3.1305763805674e-07,0.000615471316419551,1.44138481597084e-06
"532","SREK1",-0.251339190690573,6.12901901925689e-07,0.00120496513918591,2.63092825149761e-06
"536","HEXB",0.308316707095155,9.42926542623175e-12,1.85379358279716e-08,1.1514245855883e-10
"544","MEF2C",-0.304450909155432,4.19840060989985e-10,8.2540555990631e-07,3.65223699073589e-09
"545","GLRX",0.427148790151861,2.3996662791915e-09,4.71774390489048e-06,1.7281113204727e-08
"550","SRP19",0.23049651585264,3.16612595809339e-09,6.22460363361161e-06,2.21516143544897e-08
"551","REEP5",0.308153688118013,4.13119297756562e-13,8.12192539389401e-10,6.76827116157834e-12
"556","SNX2",0.332130908124584,6.80969517454955e-11,1.33878607131644e-07,6.9728441214398e-10
"558","CDC42SE2",-0.308733392256928,8.89701971240551e-13,1.74915407545892e-09,1.3455031349684e-11
"559","IRF1",0.498665561436145,2.5646685762133e-07,0.000504213842083535,1.2120525050085e-06
"568","MACROH2A1",0.127582172008958,6.8561845193943e-07,0.00134792587651292,2.89876532583423e-06
"572","CTNNA1",0.170610156118073,2.47556575931035e-11,4.86696228280415e-08,2.74969620497409e-10
"573","MATR3-ENSG00000015479",-0.156289957436953,1.10128211419013e-06,0.00216512063649779,4.52954108053931e-06
"579","IK",0.165677428605703,1.06787801705854e-07,0.000209944818153709,5.49593764800285e-07
"580","ZMAT2",0.131144375446897,1.49455690855763e-08,2.93829888222429e-05,9.18218400695091e-08
"582","NDFIP1",0.151042257375599,2.37410461995e-06,0.00466748968282171,9.09842043435031e-06
"590","ATOX1",0.223025527285432,1.50773838524675e-07,0.000296421366539511,7.46653316220431e-07
"592","RNF145",-0.410165728973761,3.12968060981557e-13,6.15295207889741e-10,5.17054796546001e-12
"596","NPM1",-0.145761386959165,8.92040640547576e-07,0.00175375189931653,3.71557605787401e-06
"598","ATP6V0E1",0.293273873838682,6.77480399243492e-09,1.33192646491271e-05,4.46955189568022e-08
"600","CPEB4",-0.342790842735581,7.26979859262623e-09,1.42924240331032e-05,4.78007492745925e-08
"603","RNF44",-0.233705945854372,4.10356535890065e-07,0.000806760949559867,1.83772425867851e-06
"605","LMAN2",0.314094799517601,4.22823638903662e-11,8.312712740846e-08,4.44530093093369e-10
"608","HNRNPH1",-0.445585922873244,4.18400473003685e-15,8.22575329925245e-12,9.91054614367766e-14
"615","SERPINB1",0.165745623244884,2.37410461995e-06,0.00466748968282171,9.09842043435031e-06
"623","TMEM170B",-0.2860538484394,5.58991435651768e-07,0.00109897716249137,2.42065454293254e-06
"628","DEK",0.15420807290762,1.80671013742556e-06,0.00355199213017866,7.04760343289417e-06
"632","ZSCAN16-AS1",-0.306128699985067,1.12682821492009e-11,2.21534427053289e-08,1.34263289123206e-10
"633","HLA-F",0.422711586858662,2.81712893780673e-16,5.53847549172803e-13,1.02564360957927e-14
"634","HLA-A",0.512841219294931,3.84318661026268e-16,7.55570487577642e-13,1.32556225890814e-14
"635","HLA-E",0.317743821099674,3.18721370866172e-17,6.26606215122895e-14,1.39245825582866e-15
"636","PPP1R18",0.13242497221019,1.22908640616909e-07,0.000241638387452844,6.26006185110995e-07
"639","HLA-C",0.556560186461406,1.51719149541102e-19,2.98279847997806e-16,1.29686890433829e-17
"640","HLA-B",0.339019969597679,5.2669694877938e-10,1.03548620130026e-06,4.42515470641138e-09
"641","LTB",-0.454426728744028,9.00528796114917e-15,1.77043961316193e-11,2.01186319677492e-13
"643","AIF1",0.222079928365202,1.49455690855763e-08,2.93829888222429e-05,9.18218400695091e-08
"644","CSNK2B",0.188246292155698,1.38366992147844e-07,0.000272029506562662,6.90430219702187e-07
"645","CLIC1",0.285731692127204,9.51416797751441e-09,1.87048542437933e-05,6.053350887959e-08
"646","LSM2",0.192746629570964,2.70318812424083e-07,0.000531446785225747,1.2744527223639e-06
"649","GPSM3",0.150162178804623,3.69901310612735e-07,0.000727225976664636,1.66794948776293e-06
"653","PSMB8",0.404697865138566,1.86572538510114e-15,3.66801610710884e-12,5.02467959877923e-14
"654","PSMB9",0.631301070340708,1.89568751102077e-15,3.72692164666683e-12,5.03638060360383e-14
"657","BRD2",-0.19233898428703,8.92040640547576e-07,0.00175375189931653,3.71557605787401e-06
"658","HLA-DPA1",0.265082825442308,1.49250444524008e-05,0.02934263739342,4.93983794502021e-05
"661","TAPBP",0.181893013317207,3.92760167343603e-09,7.72166488997523e-06,2.69988282866267e-08
"664","NUDT3",-0.206462308747916,1.1799850383894e-10,2.31985058547356e-07,1.13163443193832e-09
"671","CNPY3",0.1721091628872,1.15924865321715e-08,2.27908285222492e-05,7.30475273149012e-08
"673","ELOVL5",-0.168542292367496,1.62158994219855e-06,0.00318804582636235,6.42751174669828e-06
"676","SMAP1",0.170858557048944,1.44045704043401e-06,0.00283193854149327,5.77946641121075e-06
"677","OGFRL1",-0.190713636826223,1.86062154024124e-06,0.00365798194811428,7.24352861012728e-06
"678","EEF1A1",-0.228344224319271,5.89655430456129e-10,1.15926257627675e-06,4.85047103044665e-09
"687","UBE2J1",0.275115140430239,1.01149290274658e-07,0.000198859504679978,5.23314485999943e-07
"691","CD164",0.220381927063226,1.81646019928147e-08,3.57116075178737e-05,1.09209808923161e-07
"692","CDC40",0.234267446114231,1.53195526192864e-12,3.01182404495171e-09,2.19841171164358e-11
"697","CALHM6",0.40302940231461,4.1921355109117e-08,8.24173841445239e-05,2.37514075344449e-07
"698","RWDD1",0.172584959057579,1.35346131142506e-09,2.66090493826168e-06,1.0313585032022e-08
"701","STX7",0.221390502113684,6.00505085299276e-07,0.00118059299769838,2.58901973179468e-06
"703","SGK1",-0.562936937106619,2.85271049923898e-06,0.00560842884150383,1.07647386593164e-05
"711","STX11",0.257958234213632,3.17076634897714e-06,0.00623372664208905,1.18287033056718e-05
"714","PCMT1",0.400435424936535,5.1362409289996e-10,1.00978496664132e-06,4.35252140793673e-09
"716","DYNLT1",0.336169192345285,8.22872441435325e-07,0.00161776721986185,3.44939705727473e-06
"717","EZR",0.309922135980235,3.01941898447665e-12,5.9361777234811e-09,4.09391567136627e-11
"729","RAC1",0.250607297860894,5.95107642981697e-09,1.16998162610202e-05,3.99311135188401e-08
"733","ARL4A",0.700176347628892,6.0646995129296e-12,1.19231992424196e-08,7.79294068132e-11
"748","MPLKIP",0.312020688317383,4.00896940353478e-08,7.88163384734938e-05,2.28453154995634e-07
"750","BLVRA",0.788509450634608,1.12608576590022e-21,2.21388461575983e-18,2.4598717952887e-19
"755","UPP1",0.25322436609642,2.32555643717605e-05,0.0457204395548811,7.42214927838978e-05
"762","SBDS",0.750500765270948,7.01833039280041e-15,1.37980375522456e-11,1.60442297119135e-13
"763","LAT2",0.255015578715777,6.77463335957968e-12,1.33189291849337e-08,8.59285753866687e-11
"765","MDH2",0.209617664157796,3.36804477381626e-07,0.000662157602532276,1.53277222808397e-06
"767","FGL2",0.222144587955738,2.34229708623589e-09,4.60495607153977e-06,1.69299855571315e-08
"771","SRI",0.240104041006924,1.72183766844686e-05,0.0338513285616652,5.65130693850838e-05
"776","ARPC1B",0.167788490487521,5.29253746040259e-06,0.0104051286471515,1.8987461034948e-05
"777","BUD31",0.190605181850281,2.6919467341883e-10,5.29236727941419e-07,2.42769141257532e-09
"782","PILRA",0.232392788126571,1.60660737844284e-09,3.15859010601863e-06,1.2055687427552e-08
"789","KMT2E-AS1",-0.514353918722691,3.64868291244153e-14,7.17331060586005e-11,7.47219854777089e-13
"793","NAMPT",-0.399044163799473,5.23664896159118e-08,0.000102952518584883,2.83615753677363e-07
"800","ARF5",-0.39488122987038,1.62635825155056e-09,3.1974203225484e-06,1.21574917207164e-08
"803","MTPN",0.116519123488604,5.92193317473802e-06,0.0116425206215349,2.10533826790867e-05
"810","GSTK1",0.313722848936289,4.77463882019507e-17,9.38693992050351e-14,1.9972212596816e-15
"812","PDIA4",-0.162629173888762,2.01991070399461e-05,0.0397114444405341,6.53148757245626e-05
"813","GIMAP4",0.649794685734075,1.23424104064822e-13,2.4265178859144e-10,2.31096941515658e-12
"814","GIMAP2",0.348105019590421,2.91038326746725e-15,5.72181350384062e-12,7.06396728869212e-14
"815","RHEB",0.172462712255623,2.0378348848191e-05,0.0400638338355435,6.57862624557364e-05
"817","KMT2C",-0.210891075666664,3.23029958862846e-07,0.000635076899124354,1.47349628567136e-06
"819","CSF2RA-ENSG00000198223",-0.249722160024399,1.25710039850841e-08,2.47145938346754e-05,7.87088975626606e-08
"821","CD99-ENSG00000002586",0.209361958670693,6.93737447684612e-06,0.0136388782214795,2.43117258849901e-05
"830","EIF2S3",-0.30777818300421,2.10437397721593e-13,4.13719923920651e-10,3.62912213965483e-12
"833","DDX3X",-0.306590284375562,8.85486762921711e-11,1.74086697590408e-07,8.74807525579942e-10
"835","TIMP1",0.502208468356395,4.98667871508752e-16,9.80381035386207e-13,1.60718202522329e-14
"836","CFP",0.228575684983529,2.45881425845974e-07,0.000483402883213185,1.17046702957188e-06
"838","RBM3",-0.196485915802219,4.73867251149948e-08,9.31623015760798e-05,2.61691858359775e-07
"839","WAS",0.207939204789953,3.238909478984e-12,6.36769603568254e-09,4.3317660106684e-11
"842","PLP2",0.177215150530271,2.13331559037238e-06,0.00419409845067211,8.22372245229825e-06
"844","MSN",0.111414347950788,3.20436644923325e-09,6.29978443919258e-06,2.23396611318886e-08
"847","NONO",-0.221230988279983,3.70072468210649e-11,7.27562472502135e-08,3.97575121585866e-10
"852","CYSLTR1",0.418939579732328,8.57214039308139e-10,1.6852828012798e-06,6.76820402120402e-09
"859","UBE2A",0.166026945345362,1.75120451567828e-07,0.00034428680778235,8.52195068768193e-07
"862","LAMP2",0.20682351364889,3.51657713240281e-10,6.91359064230393e-07,3.08642439388568e-09
"863","MCTS1",0.27913692475551,1.27285462655881e-12,2.50243219581461e-09,1.85365347838119e-11
"867","RBMX",-0.167957726559104,6.3806711996681e-06,0.0125443995785475,2.2561869745589e-05
"871","IDH3G",0.269022675234984,6.4100412416023e-12,1.26021410809901e-08,8.18320849414943e-11
"872","SSR4",0.155057145705387,1.92900440161088e-09,3.792422653567e-06,1.42038301631723e-08
"876","ATP6AP1",0.149762825928787,4.14559753339596e-08,8.15024475065645e-05,2.35556206666371e-07
"880","CTSB",0.220320059640203,7.56582088917468e-12,1.48744038681174e-08,9.53487427443424e-11
"881","CNOT7",-0.162176673121603,1.52398359601941e-07,0.000299615174977416,7.52801947179437e-07
"908","RAB2A",0.19486513519241,6.90082995812935e-08,0.000135670316976823,3.70683926166183e-07
"911","LY96",0.295911858160064,2.96058076083581e-08,5.8205017758032e-05,1.72715186225614e-07
"914","DECR1",0.439930467811918,4.78312471200639e-19,9.40362318380455e-16,3.35843685135877e-17
"916","MTDH",0.160755191239693,9.08054663477483e-09,1.78523546839673e-05,5.81509924559196e-08
"919","PABPC1",-0.198796857308228,1.12350912027956e-06,0.00220881893046961,4.61131300724345e-06
"930","NDUFB9",0.172803525251464,1.07951450201939e-07,0.000212232551097012,5.54131987198466e-07
"934","LY6E",1.7413851453022,7.72205129467253e-16,1.51815528453262e-12,2.37211763208222e-14
"939","GRINA",0.198322532371081,2.5646685762133e-07,0.000504213842083535,1.2120525050085e-06
"942","VPS28",0.167839270382507,6.23866668728403e-09,1.22652187072004e-05,4.14365496864878e-08
"943","DOCK8",0.159347085118244,1.18074283348217e-05,0.0232134041062595,3.9885574065738e-05
"947","DNAJA1",0.211145493886324,3.05136230633363e-06,0.00599897829425193,1.14266253223846e-05
"949","BAG1",0.224797501520737,2.40979766487633e-11,4.73766220914686e-08,2.70723554808392e-10
"950","CHMP5",0.741860479282896,1.51064867211003e-18,2.96993528936833e-15,9.58043641731719e-17
"952","DCTN3",0.211738023042876,1.14588856417796e-08,2.25281691717387e-05,7.24378429959445e-08
"955","GLIPR2",0.231895725794824,3.35088295408761e-08,6.58783588773624e-05,1.92626780343165e-07
"956","CLTA",0.330556906353914,5.83736599753414e-21,1.14762615511521e-17,7.65084103410141e-19
"961","TLE4",-0.326908853667402,2.13564413544027e-13,4.19867637027557e-10,3.65102293067441e-12
"970","ERP44",0.371998915290535,2.95899593408358e-16,5.81738600640832e-13,1.05770654661969e-14
"975","SLC31A2",0.429113572109303,3.42569943284547e-12,6.73492508497419e-09,4.55062505741499e-11
"979","RAB14",0.184411877586441,5.36526431813397e-07,0.00105481096494514,2.33365257731225e-06
"980","PSMB7",0.208602581396462,1.56490454954623e-08,3.07660234440789e-05,9.55466566586302e-08
"984","SET",-0.231113425260368,3.21748604465427e-10,6.32557756379029e-07,2.8493592629686e-09
"987","NUP214",0.217100195725894,6.23866668728403e-09,1.22652187072004e-05,4.14365496864878e-08
"991","FCN1",0.387675908954092,2.47556575931035e-11,4.86696228280415e-08,2.74969620497409e-10
"993","EDF1",0.123233663052559,5.31047687084217e-07,0.00104403975280757,2.31494401952898e-06
"1000","ATP5F1C",0.255424537803743,5.70561348982587e-07,0.00112172361209977,2.46532661999949e-06
"1004","RSU1",0.158520906542413,1.13478388249098e-06,0.00223098511297727,4.63822268810243e-06
"1005","VIM",0.189019256459748,3.94923842449078e-06,0.00776420274254888,1.45943660574227e-05
"1009","APBB1IP",0.376648464532659,8.5742590551205e-17,1.68569933023669e-13,3.44020271476876e-15
"1015","KIF5B",0.105769549152297,1.21325724054854e-05,0.0238526373491843,4.08435571047676e-05
"1018","CCNY",-0.175902281031651,2.7317462564373e-07,0.000537061314015573,1.28176924586056e-06
"1022","UBE2D1",0.255845821049797,7.21077016561343e-08,0.00014176374145596,3.85227558304239e-07
"1024","HNRNPH3",-0.159294961813046,1.80890220051165e-10,3.5563017262059e-07,1.67750081424807e-09
"1030","EIF4EBP2",-0.205478526269259,3.62477228483714e-08,7.12630231198982e-05,2.07763915801453e-07
"1031","VSIR",0.296852754882401,2.90850511493319e-13,5.71812105595866e-10,4.88728295381082e-12
"1032","PSAP",0.17393290733032,2.58510484473121e-08,5.08231612474155e-05,1.51710929096763e-07
"1034","DDIT4",0.664843156323053,2.20465635485368e-09,4.33435439364233e-06,1.59939276518167e-08
"1039","GHITM",0.1227418431667,2.20611156154587e-05,0.0433721532999917,7.08695315359342e-05
"1044","PCGF5",0.177676131765421,1.47918352095577e-05,0.0290807480219905,4.90400472546214e-05
"1048","PIK3AP1",0.228369957975927,5.65867077652949e-08,0.00011124946746657,3.04793061552246e-07
"1053","FBXL15",0.177671537337174,1.61765086775154e-05,0.0318030160599952,5.33607652013343e-05
"1056","GSTO1",0.34583839714038,3.80079579131441e-11,7.47236452572414e-08,4.06106767702399e-10
"1059","SHOC2",-0.131708296295836,2.45113925370428e-05,0.0481893977278261,7.79763717278739e-05
"1063","DENND10",-0.18834465403191,1.29247973905488e-05,0.025410151669819,4.31411743120866e-05
"1065","RGS10",0.312060473306054,1.00036114682149e-19,1.96671001465104e-16,9.36528578405257e-18
"1068","PTPRE",-0.241494307749646,1.07947858707444e-06,0.00212225490218835,4.44917170270094e-06
"1071","ECHS1",0.180254275130329,6.87329705654559e-06,0.0135129020131686,2.41301821663726e-05
"1072","PSMD13",0.226991283844535,7.47621931480727e-10,1.46982471729111e-06,5.95070735745388e-09
"1073","IFITM2",0.70179487698967,9.29463214850475e-14,1.82732468039603e-10,1.79149478470199e-12
"1074","IFITM3",2.0763396118094,8.97065683822494e-20,1.76363113439502e-16,8.81815567197511e-18
"1076","RNH1",0.29939560478132,2.51473898323433e-12,4.9439768410387e-09,3.43331725072132e-11
"1077","TALDO1",0.282707389346038,8.85486762921711e-11,1.74086697590408e-07,8.74807525579942e-10
"1079","CTSD",0.423931281594481,3.81224623796862e-18,7.49487610384631e-15,2.0819100288462e-16
"1081","RHOG",0.312638109489386,2.98843613600904e-18,5.87526544339376e-15,1.83602045106055e-16
"1082","TRIM22",0.730222139321599,2.43054503206482e-16,4.77845153303944e-13,9.01594628875365e-15
"1083","TPP1",0.118082188417074,5.47647881685403e-07,0.0010766757353935,2.37676762780023e-06
"1087","EIF4G2",-0.161039892488493,1.73715888758312e-06,0.00341525437298841,6.83050874597682e-06
"1091","LDHA",0.375652181199689,4.05794546765556e-14,7.97792078941083e-11,8.22466060764003e-13
"1094","LMO2",0.304573850512142,2.03097026910985e-10,3.99288754906997e-07,1.86583530330372e-09
"1097","CD44",-0.271019904371968,1.86448005668517e-11,3.66556779144305e-08,2.14360689558073e-10
"1098","COMMD9",0.256971075345716,3.46169150305078e-11,6.80568549499784e-08,3.7393876346142e-10
"1099","TTC17",-0.130530304700048,1.84873562702244e-05,0.0363461424272613,6.0076268474812e-05
"1101","PSMC3",0.158735347329285,5.81227983961963e-06,0.0114269421646922,2.07009821824134e-05
"1103","NDUFS3",0.229593237658503,1.21681147374593e-06,0.0023922513573845,4.95290136104451e-06
"1105","UBE2L6",0.965970465214054,5.36836737722713e-23,1.05542102636285e-19,2.11084205272571e-20
"1108","FAM111A",0.174167135702294,4.10356535890065e-07,0.000806760949559867,1.83772425867851e-06
"1109","MPEG1",0.157244478552771,1.03711116452514e-06,0.00203896054945643,4.29254852517143e-06
"1110","MS4A6A",0.267222140806238,1.05636297161388e-07,0.000207680960219288,5.4509438377766e-07
"1116","UBXN1",0.168665060141976,2.12588831200876e-09,4.17949642140922e-06,1.55951359007807e-08
"1118","TMEM179B",0.212273185802609,7.19944422154416e-06,0.0141541073395558,2.51405103722128e-05
"1119","WDR74",-0.585622599523774,8.07864311303259e-11,1.58826123602221e-07,8.06223977676247e-10
"1120","PLAAT4",0.513767595183986,7.45838135377555e-19,1.46631777415227e-15,4.97510694574734e-17
"1122","COX8A",0.104929420881705,6.5005606210499e-06,0.0127801021809841,2.29445281525747e-05
"1123","OTUB1",0.132611262444463,1.26935484602457e-05,0.0249555162728431,4.24413542055155e-05
"1124","FERMT3",0.243934945417974,1.54245783088766e-13,3.03247209552515e-10,2.78208449130747e-12
"1128","PRDX5",0.178811265308489,1.80671013742556e-06,0.00355199213017866,7.04760343289417e-06
"1134","RNASEH2C",0.219138183100973,1.66657238885715e-09,3.27648131649317e-06,1.24109140776256e-08
"1135","CFL1",0.141323114147097,8.14598569046e-07,0.00160150078674444,3.4220102280864e-06
"1136","FIBP",0.239241181307301,1.37896657165696e-10,2.71104827987759e-07,1.30968515936115e-09
"1137","CCDC85B",0.197889739621993,1.33994096128741e-05,0.0263432392989104,4.45740089660074e-05
"1138","DRAP1",0.381174192350683,6.57344226869343e-13,1.29233875002513e-09,1.0338710000201e-11
"1140","SF3B2",0.189170882066365,1.62161869045795e-12,3.18810234544033e-09,2.2935988096693e-11
"1143","POLD4",0.169228843986944,1.67018462625216e-06,0.00328358297521174,6.59354011086695e-06
"1150","ANAPC15",-0.177092742986587,1.23540633303748e-05,0.0242880885075168,4.15181000128493e-05
"1156","PAK1",0.223730413328555,5.9708841460855e-10,1.17387582312041e-06,4.89114926300171e-09
"1160","PRCP",0.212924087660376,4.47779037334454e-09,8.80333587399536e-06,3.05671384513728e-08
"1161","PCF11",-0.222470926581654,1.72017735603565e-06,0.00338186868196608,6.77729194782782e-06
"1165","CTSC",0.248972747870087,3.38148551061872e-14,6.6480005138764e-11,6.99789527776463e-13
"1166","SLC36A4",-0.263351775087689,6.19940127604183e-10,1.21880229086982e-06,5.03637310276787e-09
"1168","TAF1D",0.212551784419889,5.59877500765249e-06,0.0110071916650448,2.00130757546269e-05
"1169","CWC15",0.142671210600293,1.789075611478e-06,0.00351732265216574,7.02060409613921e-06
"1170","BIRC2",-0.409667118583185,1.23585585549207e-16,2.42969261189741e-13,4.85938522379483e-15
"1171","TMEM123",0.494111416322356,1.23701308867885e-12,2.43196773234262e-09,1.814901292793e-11
"1173","CASP1",0.295859098351922,3.24305648334816e-09,6.37584904626249e-06,2.25295019302561e-08
"1175","ATM",-0.256287278135097,2.64314071695001e-09,5.19641464952371e-06,1.89650169690646e-08
"1178","SDHD",0.234347823162562,3.91188125993551e-06,0.00769075855703322,1.44835377721906e-05
"1180","IL10RA",-0.212424878603877,1.52844590575505e-06,0.00300492465071442,6.09518184729091e-06
"1182","CD3D",-0.578989017647078,1.4535602149494e-13,2.85769938259052e-10,2.6707470865332e-12
"1184","SORL1",-0.448770751596794,3.02971918240162e-17,5.95642791260159e-14,1.35373361650036e-15
"1185","HSPA8",0.207778623990261,1.38906195360935e-05,0.0273089580079599,4.61299966350674e-05
"1189","APLP2",0.169843810833308,3.1283299339155e-09,6.15029665007787e-06,2.19653451788495e-08
"1192","TNFRSF1A",0.292804907400419,4.84107089291204e-07,0.000951754537546508,2.12920478198324e-06
"1193","GAPDH",0.28992281784193,7.24085942388713e-15,1.42355296273621e-11,1.63626777326001e-13
"1194","CD4",-0.177025173894965,1.15195364653114e-07,0.000226474086908022,5.89776267989641e-07
"1195","TPI1",0.143606222406726,8.98205421091604e-06,0.0176587185786609,3.07108149194103e-05
"1196","C12orf57",-0.565569012377307,4.89358927333388e-11,9.6207965113744e-08,5.11744495285872e-10
"1197","PTPN6",0.170443466163703,1.70657186911791e-05,0.033551202946858,5.61056905465854e-05
"1201","CLEC4E",0.418380410662349,1.92331765748982e-08,3.78124251462499e-05,1.14931383423252e-07
"1205","CLEC7A",-0.398506696534501,2.22262049211578e-15,4.36967188749963e-12,5.67489855519432e-14
"1209","HEBP1",0.256690440866651,1.33973948773914e-07,0.000263392783289515,6.71920365534477e-07
"1210","PLBD1",0.332222737231879,2.67521711793169e-09,5.25947685385371e-06,1.91253703776498e-08
"1211","H2AJ",0.303774216307176,2.48390562851189e-15,4.88335846565437e-12,6.18146641222072e-14
"1214","STRAP",-0.232316987466112,2.1752756123111e-06,0.00427659185380363,8.36906429315779e-06
"1221","ZCRB1",0.203491903492588,1.41372754911423e-07,0.000277938836155858,7.03642623179387e-07
"1223","SLC38A2",-0.258600602328954,4.00894558089672e-11,7.88158701204296e-08,4.26031730380701e-10
"1225","TUBA1B",0.268890822557758,4.37246709899703e-09,8.59627031662816e-06,2.99521613819796e-08
"1227","TMBIM6",0.163007826872002,4.33480904559573e-08,8.52223458364121e-05,2.43492416675463e-07
"1229","METTL7A",0.252655384293251,2.90816482519662e-06,0.00571745204633655,1.09320306813318e-05
"1231","BIN2",0.211015925050127,1.32792215919639e-05,0.026106949649801,4.42490672030525e-05
"1232","EIF4B",-0.546148393526597,2.30855381909356e-14,4.53861680833794e-11,4.828315753551e-13
"1235","PCBP2",-0.277121566626771,9.37026262725196e-16,1.84219363251774e-12,2.79120247351172e-14
"1237","HNRNPA1",-0.173377203341499,2.15183474537403e-09,4.23050710940534e-06,1.56685448496494e-08
"1238","COPZ1",0.235228238168567,4.79165052956697e-08,9.42038494112867e-05,2.63876328883156e-07
"1240","BLOC1S1",0.24670689026695,1.29715968315023e-07,0.000255021593707335,6.55582503103688e-07
"1241","CD63",0.322515895703109,8.97517998903533e-09,1.76452038584435e-05,5.78531274047326e-08
"1242","PYM1",-0.247392421459086,1.54360431433442e-06,0.00303472608198148,6.14317020644024e-06
"1246","STAT2",0.668793264807253,2.46747537599491e-19,4.85105658920599e-16,1.97558443907847e-17
"1248","ATP5F1B",0.239535054538172,3.14929701800343e-12,6.19151793739474e-09,4.24076571054434e-11
"1250","NACA",0.141369031925798,8.26906939504401e-06,0.0162569904306565,2.86214620258038e-05
"1251","LRP1",-0.317107540226995,1.12682821492009e-11,2.21534427053289e-08,1.34263289123206e-10
"1252","OS9",0.201483117022958,1.74235407224359e-11,3.42546810603091e-08,2.02690420475202e-10
"1254","RASSF3",-0.27575188199984,7.44248101495347e-09,1.46319176753985e-05,4.8773058917995e-08
"1259","RAP1B",0.137100357544107,1.3983097288378e-06,0.00274907692689511,5.62183420632947e-06
"1264","GLIPR1",0.136570397207748,1.01149290274658e-07,0.000198859504679978,5.23314485999943e-07
"1265","NAP1L1",-0.174734264754699,1.13868208869029e-05,0.0223864898636511,3.85973963166398e-05
"1269","ATP2B1",-0.57208951045886,1.7499284401923e-09,3.44035931341805e-06,1.29336816293912e-08
"1274","NDUFA12",0.39687778041774,5.12178384732931e-08,0.000100694270438494,2.79706306773595e-07
"1275","METAP2",-0.206345887780127,7.46658655900313e-11,1.46793091750002e-07,7.52785085897444e-10
"1277","LTA4H",-0.33498067797732,3.23029958862846e-07,0.000635076899124354,1.47349628567136e-06
"1288","ARPC3",0.308883214186084,3.08416290006309e-13,6.06346426152404e-10,5.13852903518987e-12
"1292","ALDH2",0.250169266011478,6.71806527499785e-07,0.00132077163306458,2.85263851633818e-06
"1293","ERP29",0.131089292684369,2.82536523064706e-06,0.00555466804345213,1.06820539297156e-05
"1294","MED13L",-0.229638589090833,5.88121885394959e-09,1.15624762668649e-05,3.95975214618661e-08
"1300","DYNLL1",0.302755893344649,1.16926519607929e-06,0.00229877537549188,4.76924351761802e-06
"1307","UBC",0.250451814778119,9.18711539059409e-09,1.8061868857908e-05,5.86424313568441e-08
"1308","RAN",0.235172203507836,1.56780440594853e-09,3.08230346209482e-06,1.18095918087924e-08
"1309","MPHOSPH8",0.22957561577873,1.43905460350455e-09,2.82918135048994e-06,1.09234801177218e-08
"1315","UBL3",-0.188663313002874,6.58262926601624e-07,0.00129414491369879,2.81948782940914e-06
"1320","UFM1",-0.145234918348377,7.68100543554863e-06,0.0151008566862886,2.66799588096972e-05
"1322","DNAJC15",0.487890322581737,7.62972742727269e-17,1.50000441220181e-13,3.12500919208711e-15
"1327","ITM2B",0.235837892221108,3.62303997639705e-12,7.1228965935966e-09,4.78046751248094e-11
"1330","RCBTB2",0.182158321541487,7.8966834085975e-06,0.0155248795813027,2.73807400022975e-05
"1331","PHF11",0.48365481987162,1.34257791315326e-16,2.63950817725932e-13,5.17550622992023e-15
"1340","TNFSF13B",0.578538484376661,3.2602040890054e-18,6.40956123898462e-15,1.91824701761533e-16
"1344","APEX1",-0.213730839509458,2.08322914640401e-08,4.09562850183029e-05,1.23362304271997e-07
"1345","RNASE6",0.284473491038941,8.56784620845077e-07,0.00168443856458142,3.58391183953494e-06
"1350","SLC7A7",0.169350201807324,2.9093129919551e-07,0.000571970934218374,1.34898805240182e-06
"1351","PABPN1",-0.181066705108095,7.78590246775267e-08,0.000153070842516017,4.14826131479722e-07
"1353","PSME1",0.331595536302611,4.03571236623834e-17,7.93421051202457e-14,1.72482837217925e-15
"1354","PSME2",0.679929261960991,2.431404227053e-17,4.78014071038621e-14,1.11166063032237e-15
"1355","CHMP4A",0.160015384258146,3.19672252829441e-07,0.00062847564906268,1.46497820294331e-06
"1359","SNX6",0.286043794777042,3.68210119822984e-18,7.23901095571986e-15,2.06828884449139e-16
"1360","BAZ1A",0.290731223104067,1.03197986620495e-15,2.02887241695893e-12,3.02816778650587e-14
"1363","NFKBIA",0.476621444180347,4.30578384705128e-10,8.46517104330282e-07,3.71279431723808e-09
"1366","MIS18BP1",0.285164440520241,1.3688738517413e-07,0.00026912059925234,6.84785239827838e-07
"1371","GNG2",-0.295504291690525,9.33068277632249e-11,1.834412233825e-07,9.12642902400498e-10
"1375","LGALS3",0.391856979692411,1.02382679421408e-11,2.01284347742488e-08,1.23487329903367e-10
"1377","PSMA3",0.317638917180607,1.37896657165696e-10,2.71104827987759e-07,1.30968515936115e-09
"1378","PSMA3-AS1",-0.1537351551896,1.04506365947513e-09,2.05459515452811e-06,8.05723590011023e-09
"1379","DHRS7",0.206535452516326,2.71847831871846e-06,0.00534452837460049,1.02977425329489e-05
"1386","ZFP36L1",-0.417149773163414,4.11716266548594e-11,8.09434180034535e-08,4.35179666685234e-10
"1393","NPC2",0.280462629936654,1.77535131335299e-08,3.49034068205198e-05,1.07065665093619e-07
"1394","TMED10",0.178850424084828,4.43252832599033e-08,8.71435068889698e-05,2.48272099398774e-07
"1397","SNW1",0.160998617409781,8.50049617251993e-06,0.0167119754751742,2.91657512655745e-05
"1401","CALM1",0.304736713527619,9.02053348893456e-14,1.77343688392453e-10,1.75587810289558e-12
"1403","NDUFB1",-0.174220947177623,8.98205421091604e-06,0.0176587185786609,3.07108149194103e-05
"1406","IFI27L2",0.189243059643323,2.74051119962473e-09,5.38784501846223e-06,1.93112724676066e-08
"1407","SERPINA1",0.298172332336158,5.89655430456129e-10,1.15926257627675e-06,4.85047103044665e-09
"1412","WARS1",0.43140888980363,7.70441992072002e-13,1.51468895641356e-09,1.19266846961697e-11
"1415","HSP90AA1",0.265084015482056,9.37026262725196e-16,1.84219363251774e-12,2.79120247351172e-14
"1420","CRIP1",-0.837849865488632,2.16737065244703e-13,4.26105070271086e-10,3.67331957130246e-12
"1425","CHP1",-0.323454557243791,2.01101893808092e-07,0.00039536632322671,9.69035105947818e-07
"1427","TMEM87A",-0.169512859408196,2.59031916167832e-06,0.00509256747185959,9.85022721829707e-06
"1431","PDIA3",0.175755443100998,3.44343142313443e-09,6.76978617788228e-06,2.38372752742334e-08
"1434","B2M",0.396999935234922,2.25056655884661e-10,4.42461385469243e-07,2.04843234013538e-09
"1436","SQOR",0.458546169552609,1.56285921497601e-17,3.07258121664284e-14,7.31566956343533e-16
"1438","EID1",0.114734564198217,2.00213670772804e-05,0.0393620076739333,6.48468001218011e-05
"1442","LYSMD2",0.444402864872223,3.23778864513367e-11,6.36549247633279e-08,3.55614104823061e-10
"1447","SLTM",0.161611973857769,3.59056785389418e-06,0.00705905640075595,1.3318974341049e-05
"1449","BNIP2",-0.208021403667592,7.17780367623874e-11,1.41115620274854e-07,7.31169016968154e-10
"1450","ANXA2",0.527793196467632,1.82413873036307e-25,3.58625674389379e-22,1.7931283719469e-22
"1452","LACTB",0.231717754954081,1.81539762371533e-13,3.56907172822435e-10,3.1866711859146e-12
"1456","PPIB",0.278435941654957,1.32680081224167e-14,2.60849039686712e-11,2.89832266318569e-13
"1459","RAB11A",0.181663300719129,5.7581845730781e-06,0.0113205908706715,2.05455369703658e-05
"1463","PKM",0.256735830039611,1.38660400172894e-12,2.7260634673991e-09,2.0044584319111e-11
"1467","ETFA",0.155742195989947,2.78973923354005e-07,0.000548462733313974,1.30276183685029e-06
"1468","PSMA4",0.321371361957819,1.80671013742556e-06,0.00355199213017866,7.04760343289417e-06
"1470","CTSH",0.239933222347255,5.23664896159118e-08,0.000102952518584883,2.83615753677363e-07
"1475","ISG20",0.633727045134564,4.55064587242866e-07,0.000894656978519475,2.01046512026848e-06
"1483","MPG",0.134107495915609,2.32555643717605e-05,0.0457204395548811,7.42214927838978e-05
"1488","MSRB1",0.280912159911055,9.12066366898776e-10,1.79312247732299e-06,7.17248990929198e-09
"1490","SNHG9",-0.617175660868587,4.97364070210594e-15,9.77817762034027e-12,1.15037383768709e-13
"1494","IL32",-0.406118689091116,8.13424005620887e-08,0.000159919159505066,4.29890213723297e-07
"1497","CPPED1",0.347775502751961,5.15135337673856e-16,1.0127560738668e-12,1.63347753849484e-14
"1499","THUMPD1",-0.199698414831443,9.57787489519661e-11,1.88301020439565e-07,9.2759123369244e-10
"1501","IGSF6",0.549109500198536,4.77608391623492e-18,9.38978097931786e-15,2.47099499455733e-16
"1507","SPN",-0.140289335933293,1.17009075139684e-05,0.0230039841724619,3.95937765446849e-05
"1508","TMEM219",0.209778344633309,1.54937007468552e-10,3.04606156683173e-07,1.45744572575681e-09
"1509","ALDOA",0.218156754160072,1.68704119249432e-09,3.31672298444382e-06,1.2515935790354e-08
"1511","YPEL3",-0.235296933552299,6.54579415864867e-11,1.28690313159033e-07,6.7731743767912e-10
"1512","CORO1A",0.293340195933288,4.25336553983972e-13,8.3621166513249e-10,6.91084020770653e-12
"1515","PYCARD",0.324359275807081,7.31216361663257e-14,1.43757136702996e-10,1.43757136702996e-12
"1525","MT2A",1.4598003601019,5.19108194591108e-20,1.02056671056612e-16,6.0033335915654e-18
"1526","MT1X",0.434314981741238,2.44417524919296e-06,0.00480524853991336,9.34873256792483e-06
"1529","CNOT1",-0.271465772003879,3.62285634949383e-07,0.000712253558310487,1.63736450186319e-06
"1531","CMTM3",-0.210765353575542,5.23664896159118e-08,0.000102952518584883,2.83615753677363e-07
"1532","CIAO2B",0.19925250737693,2.88030961477724e-06,0.00566268870265205,1.08480626487587e-05
"1533","ATP6V0D1",0.245114157187586,8.3318776104646e-12,1.63804713821734e-08,1.03021832592286e-10
"1538","PSMD7",0.347061143657981,6.51849102198006e-18,1.28153533492128e-14,3.2038383373032e-16
"1542","CMC2",0.277947822451289,9.34952907062206e-10,1.8381174152843e-06,7.32317695332389e-09
"1544","HSBP1",0.252391167106707,4.69369224383177e-07,0.000922779895137325,2.06901321779669e-06
"1549","CYBA",0.265087622449549,1.32539815264004e-07,0.000260573276809032,6.66427817925914e-07
"1557","ITGAE",-0.415746597635826,2.00503786859549e-10,3.94190444965874e-07,1.85065936603696e-09
"1563","TXNDC17",0.206582878006382,2.40857826446977e-05,0.0473526486794756,7.67465942941258e-05
"1566","GABARAP",-0.6031153873243,2.28364146758251e-07,0.000448963912526721,1.09236961685334e-06
"1571","CD68",0.356292012521696,1.08760632320173e-12,2.1382340314146e-09,1.61987426622318e-11
"1572","SAT2",0.205728044345761,2.15183474537403e-09,4.23050710940534e-06,1.56685448496494e-08
"1577","TMEM107",-0.511761157208798,9.08054663477483e-09,1.78523546839673e-05,5.81509924559196e-08
"1579","GAS7",-0.238766650454543,1.57435586394442e-06,0.00309518362851473,6.25289621922169e-06
"1581","UBB",0.1488567955899,7.19944422154416e-06,0.0141541073395558,2.51405103722128e-05
"1584","LGALS9",0.508827904640946,1.7227710458248e-15,3.38696787609155e-12,4.70412205012716e-14
"1587","SSH2",-0.162709257279696,9.28691468060966e-07,0.00182580742620786,3.86005798352613e-06
"1588","NSRP1",-0.16157725550982,6.71806527499785e-07,0.00132077163306458,2.85263851633818e-06
"1592","PSMD11",0.140050580943748,3.02219223738838e-06,0.00594162993870555,1.13389884326442e-05
"1593","LASP1",-0.225036713834182,5.33354580357894e-10,1.04857510498362e-06,4.46202172333455e-09
"1596","KRT10",-0.457883796776349,1.01669855750187e-13,1.99882936404867e-10,1.94061103305696e-12
"1598","DNAJC7",0.152357973420917,1.76287556280835e-10,3.46581335648122e-07,1.64256557179205e-09
"1599","RAB5C",0.176274496841418,1.48382451314292e-06,0.00291719899283899,5.9292662456077e-06
"1601","COA3",0.245240052508658,2.9093129919551e-07,0.000571970934218374,1.34898805240182e-06
"1603","GRN",0.453085971949932,3.31798022630183e-16,6.5231491249094e-13,1.16484805801954e-14
"1607","CALCOCO2",0.213998965413403,1.00702430303968e-09,1.97980977977602e-06,7.82533509792892e-09
"1615","SUPT4H1",0.167197143639323,1.67801234198331e-07,0.000329897226433919,8.24743066084798e-07
"1616","CLTC",-0.303147100280942,4.41584636140311e-10,8.68155394651852e-07,3.79107159236617e-09
"1619","PSMC5",0.174740621813409,5.1362409289996e-10,1.00978496664132e-06,4.35252140793673e-09
"1620","SNHG25",-0.294935553727268,4.58312294999771e-08,9.0104197196955e-05,2.55252683277493e-07
"1626","NHERF1",-0.252810195907816,7.13204437200798e-08,0.000140215992353677,3.82059924669419e-07
"1627","ATP5PD",0.258631199507995,1.73657669399173e-13,3.41410978038775e-10,3.0757745769259e-12
"1628","JPT1",0.278959616471964,1.91564337059168e-11,3.76615486658324e-08,2.17696813097297e-10
"1633","UBALD2",0.215394423722339,5.14549819152207e-06,0.0101160494445324,1.85615586138209e-05
"1637","SYNGR2",0.156025323406489,5.04965394748361e-06,0.00992761966075278,1.82829091358246e-05
"1641","RNF213",0.58256026155316,1.00398878176783e-14,1.97384194495555e-11,2.2177999381523e-13
"1642","NDUFAF8",-0.275707645035491,7.27282954098316e-11,1.42983828775729e-07,7.37030045235716e-10
"1649","SLC16A3",0.30678745586888,4.6344145800179e-08,9.11125906431518e-05,2.56655184910287e-07
"1650","WDR45B",-0.164885203032568,2.51632465319459e-05,0.0494709426818057,7.99207474665682e-05
"1651","SMCHD1",0.211320921766212,1.84873562702244e-05,0.0363461424272613,6.0076268474812e-05
"1652","MYL12A",0.306713554569203,2.78973923354005e-07,0.000548462733313974,1.30276183685029e-06
"1653","MYL12B",0.33059309524422,2.0346677597067e-12,4.00015681558336e-09,2.81701184196012e-11
"1654","NDUFV2",0.22871673397933,3.19672252829441e-07,0.00062847564906268,1.46497820294331e-06
"1660","PSMG2",0.203200633647081,6.78678632893095e-07,0.00133428219226782,2.875608172991e-06
"1662","RNMT",-0.201702768702773,1.67649218359779e-08,3.29598363295326e-05,1.02042836933537e-07
"1671","TXNL1",0.207284442862498,2.70767249562729e-09,5.32328412640326e-06,1.91485040518103e-08
"1679","IDH3B",0.143290145936508,1.87893302871503e-06,0.00369398233445374,7.28596121194032e-06
"1686","SNRPB2",0.183746664450131,4.90908653825202e-06,0.00965126413420347,1.78727113596361e-05
"1687","DSTN",-0.165477191318937,1.87893302871503e-06,0.00369398233445374,7.28596121194032e-06
"1691","CD93",-0.192332492622931,2.22560500519248e-05,0.0437553944020842,7.13791099544603e-05
"1692","CST3",0.424087051495512,4.30453835783321e-18,8.46272241150009e-15,2.2872222733784e-16
"1693","HM13",0.158823701141636,4.72748315046442e-06,0.00929423187381304,1.72755239290205e-05
"1694","ID1",1.02394558932328,1.4426568168989e-21,2.83626330202324e-18,2.83626330202324e-19
"1695","HCK",0.171607281709789,9.06480674798962e-06,0.0178214100665476,3.09399480322007e-05
"1701","DYNLRB1",0.33199109506809,2.51218774043549e-19,4.93896109769617e-16,1.97558443907847e-17
"1703","EIF6",0.210917933060621,5.31047687084217e-07,0.00104403975280757,2.31494401952898e-06
"1707","SCAND1",0.160400491443763,9.17177763241606e-08,0.0001803171482533,4.80845728675466e-07
"1708","NORAD",-0.182299401627482,1.90695985546119e-07,0.00037490830758367,9.23419476807068e-07
"1711","RPN2",0.225754539345155,5.77074591871636e-13,1.13452864761964e-09,9.14942457757771e-12
"1713","SRSF6",-0.317169300852658,1.88989219346666e-11,3.71552805235544e-08,2.16019072811363e-10
"1715","YWHAB",0.0852106506115096,1.34395461111253e-06,0.00264221476544724,5.4478654957675e-06
"1716","STK4",-0.170035922003119,1.56490454954623e-08,3.07660234440789e-05,9.55466566586302e-08
"1717","CTSA",0.415678748136727,1.19244353391902e-15,2.34434398768479e-12,3.44756468777175e-14
"1723","RNF114",0.221283534486711,4.2606536419032e-06,0.00837644505998168,1.56569066541714e-05
"1727","RTF2",0.250215017775213,3.05184308104152e-15,5.99992349732763e-12,7.31697987478979e-14
"1732","PSMA7",0.398094041069955,2.82824518234385e-26,5.56033002848801e-23,5.56033002848801e-23
"1733","ADRM1",0.173927774551272,6.20479581080418e-06,0.012198628564041,2.19795109262e-05
"1734","OGFR",0.222067970547388,1.24191665561455e-09,2.44160814493821e-06,9.50042079742494e-09
"1737","RGS19",0.282921088453934,8.17397318054163e-09,1.60700312729449e-05,5.32120240825988e-08
"1741","CFD",0.315572098058704,4.50390521115546e-07,0.000885467764513164,1.99879856549247e-06
"1748","CIRBP",-0.257126547251822,2.10437397721593e-13,4.13719923920651e-10,3.62912213965483e-12
"1754","OAZ1",0.219119866923712,4.19840060989985e-10,8.2540555990631e-07,3.65223699073589e-09
"1758","TLE5",-0.186527483987566,1.05809080395945e-06,0.00208020652058428,4.37018176593337e-06
"1759","EEF2",-0.281483894790796,4.64427112390461e-10,9.13063702959647e-07,3.96984218678107e-09
"1767","RETN",0.969209303532591,4.90908653825202e-06,0.00965126413420347,1.78727113596361e-05
"1774","EIF3G",0.211536176827622,2.07752187418837e-11,4.08440800465434e-08,2.34736092221514e-10
"1780","RAB3D",-0.169223403415442,5.00237526938132e-06,0.00983466977960368,1.81451471948407e-05
"1786","CALR",0.270806863189381,2.73557174799573e-08,5.3781340565596e-05,1.60063513588083e-07
"1792","C19orf53",0.13103938965841,1.19148743383221e-05,0.0234246429491413,4.01794904788016e-05
"1796","DNAJB1",-0.272869456102125,7.54036160936941e-06,0.0148243509240203,2.62377892460536e-05
"1800","RAB8A",0.427880389234689,1.2159968455856e-13,2.3906497984213e-10,2.29870172925125e-12
"1804","BST2",0.715505689096171,6.4634610271814e-20,1.27071643794386e-16,7.05953576635479e-18
"1805","PGLS",0.167593823998338,1.80013880166378e-05,0.0353907288407099,5.88864040610813e-05
"1810","LRRC25",0.202285407175644,2.18678069793731e-05,0.0429921085214475,7.03635164017144e-05
"1816","UQCRFS1",0.189165295361903,1.84873562702244e-05,0.0363461424272613,6.0076268474812e-05
"1818","PEPD",0.25490733827399,9.76547078591626e-07,0.00191989155651114,4.05040412766063e-06
"1826","TYROBP",0.194819577020912,6.12229662712272e-10,1.20364351689233e-06,4.99437143938724e-09
"1831","PSMD8",0.251689171464616,7.38365599815527e-10,1.45162676923733e-06,5.90092182616799e-09
"1832","EIF3K",0.15331715476619,9.37371037457678e-08,0.000184287145964179,4.90125388202605e-07
"1833","ECH1",0.198236859795577,1.73723353861773e-05,0.0341540113692245,5.69233522820409e-05
"1834","HNRNPL",-0.423413247999227,4.57336869520965e-21,8.99124285478217e-18,6.42231632484441e-19
"1837","FBL",-0.181555429057509,1.13478388249098e-06,0.00223098511297727,4.63822268810243e-06
"1838","PLD3",0.168177053029265,1.93251890603278e-05,0.0379933216926044,6.26952503178291e-05
"1839","BLVRB",0.381221791862481,8.19095280722435e-20,1.61034132190031e-16,8.47548064158056e-18
"1840","SHKBP1",0.154954167042881,2.33242087825691e-07,0.000458553944665309,1.11299501132357e-06
"1846","ETHE1",0.172478921779915,1.91607681736819e-06,0.00376700702294586,7.41536815540524e-06
"1848","TRAPPC6A",-0.286757487453479,1.31120537918386e-07,0.000257782977547547,6.60981993711659e-07
"1853","CALM3",0.220829881340238,3.09704491672558e-10,6.08879030628249e-07,2.75510873587443e-09
"1854","AP2S1",0.171134609800342,4.18944790952141e-07,0.000823645459011909,1.86767677780478e-06
"1857","NAPA",0.408906552981997,1.66836127221414e-12,3.279998261173e-09,2.32623990154113e-11
"1861","EMP3",0.250321171394273,2.05961874873328e-08,4.04921046000962e-05,1.22703347273019e-07
"1863","NUCB1",0.339474080097947,4.67084131555677e-15,9.18287402638462e-12,1.09319928885531e-13
"1865","FTL",0.204212893275514,2.99415614085474e-08,5.88651097292042e-05,1.73643391531576e-07
"1866","CD37",0.175075470672535,8.56547350560217e-09,1.68397209120139e-05,5.55766366733131e-08
"1871","CD33",0.288307992328267,1.56952870990251e-10,3.08569344366834e-07,1.46937783031826e-09
"1872","ETFB",0.162749581712206,4.95552067398229e-06,0.00974255364504918,1.80084170888155e-05
"1874","FPR1",0.381157267957363,5.46917123047914e-10,1.0752390639122e-06,4.55609772844152e-09
"1880","LILRB2",0.380108557757048,1.92612340974228e-15,3.78675862355332e-12,5.04901149807109e-14
"1881","LILRA5",0.346393402953897,1.77535131335299e-08,3.49034068205198e-05,1.07065665093619e-07
"1882","LENG8",-0.185172972045204,1.93491225755107e-06,0.00380403749834541,7.47355107729944e-06
"1883","LILRA2",0.328380004675211,8.3318776104646e-12,1.63804713821734e-08,1.03021832592286e-10
"1884","CHMP2A",0.274628384345434,6.25807725028778e-16,1.23033798740658e-12,1.9529174403279e-14
"1885","ADA2",0.24533121694664,1.03584937358905e-10,2.03647986847607e-07,9.98274445331406e-10
"1886","ATP6V1E1",0.287790087886733,5.92288476330069e-14,1.16443914446492e-10,1.18820320863767e-12
"1888","C22orf39",-0.225384214563963,8.66616186644875e-09,1.70376742294382e-05,5.60449810178889e-08
"1889","COMT",0.205774460702801,4.30119627251779e-06,0.00845615187176998,1.57764027458395e-05
"1892","UBE2L3",0.275947474498293,2.70767249562729e-09,5.32328412640326e-06,1.91485040518103e-08
"1896","MIF",-0.702584240280786,5.29855139522715e-18,1.04169520430166e-14,2.67101334436322e-16
"1904","HMOX1",0.348574147334888,7.37829719344692e-13,1.45057322823166e-09,1.15124859383465e-11
"1908","NCF4",0.223646403939989,5.06527083841653e-08,9.9583224683269e-05,2.77390598003535e-07
"1910","RAC2",0.1961735421769,3.06241872280318e-08,6.02071520903105e-05,1.77079859089149e-07
"1912","LGALS1",0.332826098001483,6.80969517454955e-11,1.33878607131644e-07,6.9728441214398e-10
"1913","EIF3L",-0.268639161693152,2.84892034513822e-07,0.000560097739854174,1.32724582903833e-06
"1919","TNRC6B",-0.195130156254931,1.08450276996437e-09,2.13213244574995e-06,8.32864236621074e-09
"1920","ST13",-0.205152252605495,7.92965270305687e-13,1.55896972142098e-09,1.21794509486014e-11
"1921","RBX1",0.306549959003288,4.58312294999771e-08,9.0104197196955e-05,2.55252683277493e-07
"1931","TYMP",0.764560220122048,1.26620523407183e-19,2.48935949018522e-16,1.13152704099328e-17
"1932","ODF3B",0.281477782144156,6.16552684957678e-09,1.21214257862679e-05,4.12293394090746e-08
"1941","IFNGR2",0.170919057249199,9.47628412951029e-08,0.000186303745986172,4.94174392536266e-07
"1945","TTC3",-0.350736925153067,1.4753008470019e-13,2.90044146520574e-10,2.68559394926457e-12
"1947","HMGN1",-0.181795549075081,2.24526231964612e-05,0.0441418572042428,7.18922755769427e-05
"1949","U2AF1",0.180599279245031,4.28673591553912e-08,8.42772280994991e-05,2.42175942814653e-07
"1951","CSTB",0.218490637440985,1.82747874437768e-07,0.000359282321144652,8.87116842332474e-07
"1953","PTTG1IP",0.216674709988344,1.71537700107309e-08,3.3724311841097e-05,1.04087382225608e-07
"1958","MT-CO1",-0.215364341816654,3.77671377857253e-07,0.00074250192886736,1.69908908207634e-06
"1960","MT-ATP6",-0.159323512166933,8.42267458356267e-06,0.0165589782312842,2.89999618761545e-05
"1961","MT-CO3",-0.220539080063691,3.23974696327511e-08,6.36934252979887e-05,1.86784238410524e-07
"1962","MT-ND3",-0.401418091006834,1.89116518091422e-14,3.71803074567736e-11,4.0413377670406e-13
"1963","MT-ND4L",-0.660568191279788,1.34572743126887e-11,2.6457001298746e-08,1.58425157477521e-10
